# planet_4 — sphere UV equirectangulaire
mtllib planet_4.mtl
o planet_4
v 0.000000 1.000000 0.000000
v 0.000000 1.000000 0.000000
v 0.000000 1.000000 0.000000
v 0.000000 1.000000 0.000000
v 0.000000 1.000000 0.000000
v 0.000000 1.000000 0.000000
v 0.000000 1.000000 0.000000
v 0.000000 1.000000 0.000000
v 0.000000 1.000000 0.000000
v 0.000000 1.000000 0.000000
v 0.000000 1.000000 0.000000
v 0.000000 1.000000 0.000000
v 0.000000 1.000000 0.000000
v -0.000000 1.000000 0.000000
v -0.000000 1.000000 0.000000
v -0.000000 1.000000 0.000000
v -0.000000 1.000000 0.000000
v -0.000000 1.000000 0.000000
v -0.000000 1.000000 0.000000
v -0.000000 1.000000 0.000000
v -0.000000 1.000000 0.000000
v -0.000000 1.000000 0.000000
v -0.000000 1.000000 0.000000
v -0.000000 1.000000 0.000000
v -0.000000 1.000000 0.000000
v -0.000000 1.000000 -0.000000
v -0.000000 1.000000 -0.000000
v -0.000000 1.000000 -0.000000
v -0.000000 1.000000 -0.000000
v -0.000000 1.000000 -0.000000
v -0.000000 1.000000 -0.000000
v -0.000000 1.000000 -0.000000
v -0.000000 1.000000 -0.000000
v -0.000000 1.000000 -0.000000
v -0.000000 1.000000 -0.000000
v -0.000000 1.000000 -0.000000
v -0.000000 1.000000 -0.000000
v 0.000000 1.000000 -0.000000
v 0.000000 1.000000 -0.000000
v 0.000000 1.000000 -0.000000
v 0.000000 1.000000 -0.000000
v 0.000000 1.000000 -0.000000
v 0.000000 1.000000 -0.000000
v 0.000000 1.000000 -0.000000
v 0.000000 1.000000 -0.000000
v 0.000000 1.000000 -0.000000
v 0.000000 1.000000 -0.000000
v 0.000000 1.000000 -0.000000
v 0.000000 1.000000 -0.000000
v 0.098017 0.995185 0.000000
v 0.097179 0.995185 0.012794
v 0.094677 0.995185 0.025369
v 0.090556 0.995185 0.037510
v 0.084885 0.995185 0.049009
v 0.077762 0.995185 0.059669
v 0.069309 0.995185 0.069309
v 0.059669 0.995185 0.077762
v 0.049009 0.995185 0.084885
v 0.037510 0.995185 0.090556
v 0.025369 0.995185 0.094677
v 0.012794 0.995185 0.097179
v 0.000000 0.995185 0.098017
v -0.012794 0.995185 0.097179
v -0.025369 0.995185 0.094677
v -0.037510 0.995185 0.090556
v -0.049009 0.995185 0.084885
v -0.059669 0.995185 0.077762
v -0.069309 0.995185 0.069309
v -0.077762 0.995185 0.059669
v -0.084885 0.995185 0.049009
v -0.090556 0.995185 0.037510
v -0.094677 0.995185 0.025369
v -0.097179 0.995185 0.012794
v -0.098017 0.995185 0.000000
v -0.097179 0.995185 -0.012794
v -0.094677 0.995185 -0.025369
v -0.090556 0.995185 -0.037510
v -0.084885 0.995185 -0.049009
v -0.077762 0.995185 -0.059669
v -0.069309 0.995185 -0.069309
v -0.059669 0.995185 -0.077762
v -0.049009 0.995185 -0.084885
v -0.037510 0.995185 -0.090556
v -0.025369 0.995185 -0.094677
v -0.012794 0.995185 -0.097179
v -0.000000 0.995185 -0.098017
v 0.012794 0.995185 -0.097179
v 0.025369 0.995185 -0.094677
v 0.037510 0.995185 -0.090556
v 0.049009 0.995185 -0.084885
v 0.059669 0.995185 -0.077762
v 0.069309 0.995185 -0.069309
v 0.077762 0.995185 -0.059669
v 0.084885 0.995185 -0.049009
v 0.090556 0.995185 -0.037510
v 0.094677 0.995185 -0.025369
v 0.097179 0.995185 -0.012794
v 0.098017 0.995185 -0.000000
v 0.195090 0.980785 0.000000
v 0.193421 0.980785 0.025464
v 0.188443 0.980785 0.050493
v 0.180240 0.980785 0.074658
v 0.168953 0.980785 0.097545
v 0.154776 0.980785 0.118763
v 0.137950 0.980785 0.137950
v 0.118763 0.980785 0.154776
v 0.097545 0.980785 0.168953
v 0.074658 0.980785 0.180240
v 0.050493 0.980785 0.188443
v 0.025464 0.980785 0.193421
v 0.000000 0.980785 0.195090
v -0.025464 0.980785 0.193421
v -0.050493 0.980785 0.188443
v -0.074658 0.980785 0.180240
v -0.097545 0.980785 0.168953
v -0.118763 0.980785 0.154776
v -0.137950 0.980785 0.137950
v -0.154776 0.980785 0.118763
v -0.168953 0.980785 0.097545
v -0.180240 0.980785 0.074658
v -0.188443 0.980785 0.050493
v -0.193421 0.980785 0.025464
v -0.195090 0.980785 0.000000
v -0.193421 0.980785 -0.025464
v -0.188443 0.980785 -0.050493
v -0.180240 0.980785 -0.074658
v -0.168953 0.980785 -0.097545
v -0.154776 0.980785 -0.118763
v -0.137950 0.980785 -0.137950
v -0.118763 0.980785 -0.154776
v -0.097545 0.980785 -0.168953
v -0.074658 0.980785 -0.180240
v -0.050493 0.980785 -0.188443
v -0.025464 0.980785 -0.193421
v -0.000000 0.980785 -0.195090
v 0.025464 0.980785 -0.193421
v 0.050493 0.980785 -0.188443
v 0.074658 0.980785 -0.180240
v 0.097545 0.980785 -0.168953
v 0.118763 0.980785 -0.154776
v 0.137950 0.980785 -0.137950
v 0.154776 0.980785 -0.118763
v 0.168953 0.980785 -0.097545
v 0.180240 0.980785 -0.074658
v 0.188443 0.980785 -0.050493
v 0.193421 0.980785 -0.025464
v 0.195090 0.980785 -0.000000
v 0.290285 0.956940 0.000000
v 0.287801 0.956940 0.037890
v 0.280393 0.956940 0.075131
v 0.268188 0.956940 0.111087
v 0.251394 0.956940 0.145142
v 0.230298 0.956940 0.176714
v 0.205262 0.956940 0.205262
v 0.176714 0.956940 0.230298
v 0.145142 0.956940 0.251394
v 0.111087 0.956940 0.268188
v 0.075131 0.956940 0.280393
v 0.037890 0.956940 0.287801
v 0.000000 0.956940 0.290285
v -0.037890 0.956940 0.287801
v -0.075131 0.956940 0.280393
v -0.111087 0.956940 0.268188
v -0.145142 0.956940 0.251394
v -0.176714 0.956940 0.230298
v -0.205262 0.956940 0.205262
v -0.230298 0.956940 0.176714
v -0.251394 0.956940 0.145142
v -0.268188 0.956940 0.111087
v -0.280393 0.956940 0.075131
v -0.287801 0.956940 0.037890
v -0.290285 0.956940 0.000000
v -0.287801 0.956940 -0.037890
v -0.280393 0.956940 -0.075131
v -0.268188 0.956940 -0.111087
v -0.251394 0.956940 -0.145142
v -0.230298 0.956940 -0.176714
v -0.205262 0.956940 -0.205262
v -0.176714 0.956940 -0.230298
v -0.145142 0.956940 -0.251394
v -0.111087 0.956940 -0.268188
v -0.075131 0.956940 -0.280393
v -0.037890 0.956940 -0.287801
v -0.000000 0.956940 -0.290285
v 0.037890 0.956940 -0.287801
v 0.075131 0.956940 -0.280393
v 0.111087 0.956940 -0.268188
v 0.145142 0.956940 -0.251394
v 0.176714 0.956940 -0.230298
v 0.205262 0.956940 -0.205262
v 0.230298 0.956940 -0.176714
v 0.251394 0.956940 -0.145142
v 0.268188 0.956940 -0.111087
v 0.280393 0.956940 -0.075131
v 0.287801 0.956940 -0.037890
v 0.290285 0.956940 -0.000000
v 0.382683 0.923880 0.000000
v 0.379410 0.923880 0.049950
v 0.369644 0.923880 0.099046
v 0.353553 0.923880 0.146447
v 0.331414 0.923880 0.191342
v 0.303603 0.923880 0.232963
v 0.270598 0.923880 0.270598
v 0.232963 0.923880 0.303603
v 0.191342 0.923880 0.331414
v 0.146447 0.923880 0.353553
v 0.099046 0.923880 0.369644
v 0.049950 0.923880 0.379410
v 0.000000 0.923880 0.382683
v -0.049950 0.923880 0.379410
v -0.099046 0.923880 0.369644
v -0.146447 0.923880 0.353553
v -0.191342 0.923880 0.331414
v -0.232963 0.923880 0.303603
v -0.270598 0.923880 0.270598
v -0.303603 0.923880 0.232963
v -0.331414 0.923880 0.191342
v -0.353553 0.923880 0.146447
v -0.369644 0.923880 0.099046
v -0.379410 0.923880 0.049950
v -0.382683 0.923880 0.000000
v -0.379410 0.923880 -0.049950
v -0.369644 0.923880 -0.099046
v -0.353553 0.923880 -0.146447
v -0.331414 0.923880 -0.191342
v -0.303603 0.923880 -0.232963
v -0.270598 0.923880 -0.270598
v -0.232963 0.923880 -0.303603
v -0.191342 0.923880 -0.331414
v -0.146447 0.923880 -0.353553
v -0.099046 0.923880 -0.369644
v -0.049950 0.923880 -0.379410
v -0.000000 0.923880 -0.382683
v 0.049950 0.923880 -0.379410
v 0.099046 0.923880 -0.369644
v 0.146447 0.923880 -0.353553
v 0.191342 0.923880 -0.331414
v 0.232963 0.923880 -0.303603
v 0.270598 0.923880 -0.270598
v 0.303603 0.923880 -0.232963
v 0.331414 0.923880 -0.191342
v 0.353553 0.923880 -0.146447
v 0.369644 0.923880 -0.099046
v 0.379410 0.923880 -0.049950
v 0.382683 0.923880 -0.000000
v 0.471397 0.881921 0.000000
v 0.467364 0.881921 0.061530
v 0.455334 0.881921 0.122006
v 0.435514 0.881921 0.180396
v 0.408242 0.881921 0.235698
v 0.373984 0.881921 0.286968
v 0.333328 0.881921 0.333328
v 0.286968 0.881921 0.373984
v 0.235698 0.881921 0.408242
v 0.180396 0.881921 0.435514
v 0.122006 0.881921 0.455334
v 0.061530 0.881921 0.467364
v 0.000000 0.881921 0.471397
v -0.061530 0.881921 0.467364
v -0.122006 0.881921 0.455334
v -0.180396 0.881921 0.435514
v -0.235698 0.881921 0.408242
v -0.286968 0.881921 0.373984
v -0.333328 0.881921 0.333328
v -0.373984 0.881921 0.286968
v -0.408242 0.881921 0.235698
v -0.435514 0.881921 0.180396
v -0.455334 0.881921 0.122006
v -0.467364 0.881921 0.061530
v -0.471397 0.881921 0.000000
v -0.467364 0.881921 -0.061530
v -0.455334 0.881921 -0.122006
v -0.435514 0.881921 -0.180396
v -0.408242 0.881921 -0.235698
v -0.373984 0.881921 -0.286968
v -0.333328 0.881921 -0.333328
v -0.286968 0.881921 -0.373984
v -0.235698 0.881921 -0.408242
v -0.180396 0.881921 -0.435514
v -0.122006 0.881921 -0.455334
v -0.061530 0.881921 -0.467364
v -0.000000 0.881921 -0.471397
v 0.061530 0.881921 -0.467364
v 0.122006 0.881921 -0.455334
v 0.180396 0.881921 -0.435514
v 0.235698 0.881921 -0.408242
v 0.286968 0.881921 -0.373984
v 0.333328 0.881921 -0.333328
v 0.373984 0.881921 -0.286968
v 0.408242 0.881921 -0.235698
v 0.435514 0.881921 -0.180396
v 0.455334 0.881921 -0.122006
v 0.467364 0.881921 -0.061530
v 0.471397 0.881921 -0.000000
v 0.555570 0.831470 0.000000
v 0.550817 0.831470 0.072516
v 0.536640 0.831470 0.143792
v 0.513280 0.831470 0.212608
v 0.481138 0.831470 0.277785
v 0.440764 0.831470 0.338210
v 0.392847 0.831470 0.392847
v 0.338210 0.831470 0.440764
v 0.277785 0.831470 0.481138
v 0.212608 0.831470 0.513280
v 0.143792 0.831470 0.536640
v 0.072516 0.831470 0.550817
v 0.000000 0.831470 0.555570
v -0.072516 0.831470 0.550817
v -0.143792 0.831470 0.536640
v -0.212608 0.831470 0.513280
v -0.277785 0.831470 0.481138
v -0.338210 0.831470 0.440764
v -0.392847 0.831470 0.392847
v -0.440764 0.831470 0.338210
v -0.481138 0.831470 0.277785
v -0.513280 0.831470 0.212608
v -0.536640 0.831470 0.143792
v -0.550817 0.831470 0.072516
v -0.555570 0.831470 0.000000
v -0.550817 0.831470 -0.072516
v -0.536640 0.831470 -0.143792
v -0.513280 0.831470 -0.212608
v -0.481138 0.831470 -0.277785
v -0.440764 0.831470 -0.338210
v -0.392847 0.831470 -0.392847
v -0.338210 0.831470 -0.440764
v -0.277785 0.831470 -0.481138
v -0.212608 0.831470 -0.513280
v -0.143792 0.831470 -0.536640
v -0.072516 0.831470 -0.550817
v -0.000000 0.831470 -0.555570
v 0.072516 0.831470 -0.550817
v 0.143792 0.831470 -0.536640
v 0.212608 0.831470 -0.513280
v 0.277785 0.831470 -0.481138
v 0.338210 0.831470 -0.440764
v 0.392847 0.831470 -0.392847
v 0.440764 0.831470 -0.338210
v 0.481138 0.831470 -0.277785
v 0.513280 0.831470 -0.212608
v 0.536640 0.831470 -0.143792
v 0.550817 0.831470 -0.072516
v 0.555570 0.831470 -0.000000
v 0.634393 0.773010 0.000000
v 0.628966 0.773010 0.082805
v 0.612777 0.773010 0.164193
v 0.586103 0.773010 0.242772
v 0.549401 0.773010 0.317197
v 0.503298 0.773010 0.386194
v 0.448584 0.773010 0.448584
v 0.386194 0.773010 0.503298
v 0.317197 0.773010 0.549401
v 0.242772 0.773010 0.586103
v 0.164193 0.773010 0.612777
v 0.082805 0.773010 0.628966
v 0.000000 0.773010 0.634393
v -0.082805 0.773010 0.628966
v -0.164193 0.773010 0.612777
v -0.242772 0.773010 0.586103
v -0.317197 0.773010 0.549401
v -0.386194 0.773010 0.503298
v -0.448584 0.773010 0.448584
v -0.503298 0.773010 0.386194
v -0.549401 0.773010 0.317197
v -0.586103 0.773010 0.242772
v -0.612777 0.773010 0.164193
v -0.628966 0.773010 0.082805
v -0.634393 0.773010 0.000000
v -0.628966 0.773010 -0.082805
v -0.612777 0.773010 -0.164193
v -0.586103 0.773010 -0.242772
v -0.549401 0.773010 -0.317197
v -0.503298 0.773010 -0.386194
v -0.448584 0.773010 -0.448584
v -0.386194 0.773010 -0.503298
v -0.317197 0.773010 -0.549401
v -0.242772 0.773010 -0.586103
v -0.164193 0.773010 -0.612777
v -0.082805 0.773010 -0.628966
v -0.000000 0.773010 -0.634393
v 0.082805 0.773010 -0.628966
v 0.164193 0.773010 -0.612777
v 0.242772 0.773010 -0.586103
v 0.317197 0.773010 -0.549401
v 0.386194 0.773010 -0.503298
v 0.448584 0.773010 -0.448584
v 0.503298 0.773010 -0.386194
v 0.549401 0.773010 -0.317197
v 0.586103 0.773010 -0.242772
v 0.612777 0.773010 -0.164193
v 0.628966 0.773010 -0.082805
v 0.634393 0.773010 -0.000000
v 0.707107 0.707107 0.000000
v 0.701057 0.707107 0.092296
v 0.683013 0.707107 0.183013
v 0.653281 0.707107 0.270598
v 0.612372 0.707107 0.353553
v 0.560986 0.707107 0.430459
v 0.500000 0.707107 0.500000
v 0.430459 0.707107 0.560986
v 0.353553 0.707107 0.612372
v 0.270598 0.707107 0.653281
v 0.183013 0.707107 0.683013
v 0.092296 0.707107 0.701057
v 0.000000 0.707107 0.707107
v -0.092296 0.707107 0.701057
v -0.183013 0.707107 0.683013
v -0.270598 0.707107 0.653281
v -0.353553 0.707107 0.612372
v -0.430459 0.707107 0.560986
v -0.500000 0.707107 0.500000
v -0.560986 0.707107 0.430459
v -0.612372 0.707107 0.353553
v -0.653281 0.707107 0.270598
v -0.683013 0.707107 0.183013
v -0.701057 0.707107 0.092296
v -0.707107 0.707107 0.000000
v -0.701057 0.707107 -0.092296
v -0.683013 0.707107 -0.183013
v -0.653281 0.707107 -0.270598
v -0.612372 0.707107 -0.353553
v -0.560986 0.707107 -0.430459
v -0.500000 0.707107 -0.500000
v -0.430459 0.707107 -0.560986
v -0.353553 0.707107 -0.612372
v -0.270598 0.707107 -0.653281
v -0.183013 0.707107 -0.683013
v -0.092296 0.707107 -0.701057
v -0.000000 0.707107 -0.707107
v 0.092296 0.707107 -0.701057
v 0.183013 0.707107 -0.683013
v 0.270598 0.707107 -0.653281
v 0.353553 0.707107 -0.612372
v 0.430459 0.707107 -0.560986
v 0.500000 0.707107 -0.500000
v 0.560986 0.707107 -0.430459
v 0.612372 0.707107 -0.353553
v 0.653281 0.707107 -0.270598
v 0.683013 0.707107 -0.183013
v 0.701057 0.707107 -0.092296
v 0.707107 0.707107 -0.000000
v 0.773010 0.634393 0.000000
v 0.766397 0.634393 0.100898
v 0.746671 0.634393 0.200070
v 0.714169 0.634393 0.295818
v 0.669447 0.634393 0.386505
v 0.613270 0.634393 0.470579
v 0.546601 0.634393 0.546601
v 0.470579 0.634393 0.613270
v 0.386505 0.634393 0.669447
v 0.295818 0.634393 0.714169
v 0.200070 0.634393 0.746671
v 0.100898 0.634393 0.766397
v 0.000000 0.634393 0.773010
v -0.100898 0.634393 0.766397
v -0.200070 0.634393 0.746671
v -0.295818 0.634393 0.714169
v -0.386505 0.634393 0.669447
v -0.470579 0.634393 0.613270
v -0.546601 0.634393 0.546601
v -0.613270 0.634393 0.470579
v -0.669447 0.634393 0.386505
v -0.714169 0.634393 0.295818
v -0.746671 0.634393 0.200070
v -0.766397 0.634393 0.100898
v -0.773010 0.634393 0.000000
v -0.766397 0.634393 -0.100898
v -0.746671 0.634393 -0.200070
v -0.714169 0.634393 -0.295818
v -0.669447 0.634393 -0.386505
v -0.613270 0.634393 -0.470579
v -0.546601 0.634393 -0.546601
v -0.470579 0.634393 -0.613270
v -0.386505 0.634393 -0.669447
v -0.295818 0.634393 -0.714169
v -0.200070 0.634393 -0.746671
v -0.100898 0.634393 -0.766397
v -0.000000 0.634393 -0.773010
v 0.100898 0.634393 -0.766397
v 0.200070 0.634393 -0.746671
v 0.295818 0.634393 -0.714169
v 0.386505 0.634393 -0.669447
v 0.470579 0.634393 -0.613270
v 0.546601 0.634393 -0.546601
v 0.613270 0.634393 -0.470579
v 0.669447 0.634393 -0.386505
v 0.714169 0.634393 -0.295818
v 0.746671 0.634393 -0.200070
v 0.766397 0.634393 -0.100898
v 0.773010 0.634393 -0.000000
v 0.831470 0.555570 0.000000
v 0.824356 0.555570 0.108529
v 0.803138 0.555570 0.215200
v 0.768178 0.555570 0.318190
v 0.720074 0.555570 0.415735
v 0.659649 0.555570 0.506167
v 0.587938 0.555570 0.587938
v 0.506167 0.555570 0.659649
v 0.415735 0.555570 0.720074
v 0.318190 0.555570 0.768178
v 0.215200 0.555570 0.803138
v 0.108529 0.555570 0.824356
v 0.000000 0.555570 0.831470
v -0.108529 0.555570 0.824356
v -0.215200 0.555570 0.803138
v -0.318190 0.555570 0.768178
v -0.415735 0.555570 0.720074
v -0.506167 0.555570 0.659649
v -0.587938 0.555570 0.587938
v -0.659649 0.555570 0.506167
v -0.720074 0.555570 0.415735
v -0.768178 0.555570 0.318190
v -0.803138 0.555570 0.215200
v -0.824356 0.555570 0.108529
v -0.831470 0.555570 0.000000
v -0.824356 0.555570 -0.108529
v -0.803138 0.555570 -0.215200
v -0.768178 0.555570 -0.318190
v -0.720074 0.555570 -0.415735
v -0.659649 0.555570 -0.506167
v -0.587938 0.555570 -0.587938
v -0.506167 0.555570 -0.659649
v -0.415735 0.555570 -0.720074
v -0.318190 0.555570 -0.768178
v -0.215200 0.555570 -0.803138
v -0.108529 0.555570 -0.824356
v -0.000000 0.555570 -0.831470
v 0.108529 0.555570 -0.824356
v 0.215200 0.555570 -0.803138
v 0.318190 0.555570 -0.768178
v 0.415735 0.555570 -0.720074
v 0.506167 0.555570 -0.659649
v 0.587938 0.555570 -0.587938
v 0.659649 0.555570 -0.506167
v 0.720074 0.555570 -0.415735
v 0.768178 0.555570 -0.318190
v 0.803138 0.555570 -0.215200
v 0.824356 0.555570 -0.108529
v 0.831470 0.555570 -0.000000
v 0.881921 0.471397 0.000000
v 0.874376 0.471397 0.115114
v 0.851871 0.471397 0.228258
v 0.814789 0.471397 0.337497
v 0.763766 0.471397 0.440961
v 0.699675 0.471397 0.536880
v 0.623613 0.471397 0.623613
v 0.536880 0.471397 0.699675
v 0.440961 0.471397 0.763766
v 0.337497 0.471397 0.814789
v 0.228258 0.471397 0.851871
v 0.115114 0.471397 0.874376
v 0.000000 0.471397 0.881921
v -0.115114 0.471397 0.874376
v -0.228258 0.471397 0.851871
v -0.337497 0.471397 0.814789
v -0.440961 0.471397 0.763766
v -0.536880 0.471397 0.699675
v -0.623613 0.471397 0.623613
v -0.699675 0.471397 0.536880
v -0.763766 0.471397 0.440961
v -0.814789 0.471397 0.337497
v -0.851871 0.471397 0.228258
v -0.874376 0.471397 0.115114
v -0.881921 0.471397 0.000000
v -0.874376 0.471397 -0.115114
v -0.851871 0.471397 -0.228258
v -0.814789 0.471397 -0.337497
v -0.763766 0.471397 -0.440961
v -0.699675 0.471397 -0.536880
v -0.623613 0.471397 -0.623613
v -0.536880 0.471397 -0.699675
v -0.440961 0.471397 -0.763766
v -0.337497 0.471397 -0.814789
v -0.228258 0.471397 -0.851871
v -0.115114 0.471397 -0.874376
v -0.000000 0.471397 -0.881921
v 0.115114 0.471397 -0.874376
v 0.228258 0.471397 -0.851871
v 0.337497 0.471397 -0.814789
v 0.440961 0.471397 -0.763766
v 0.536880 0.471397 -0.699675
v 0.623613 0.471397 -0.623613
v 0.699675 0.471397 -0.536880
v 0.763766 0.471397 -0.440961
v 0.814789 0.471397 -0.337497
v 0.851871 0.471397 -0.228258
v 0.874376 0.471397 -0.115114
v 0.881921 0.471397 -0.000000
v 0.923880 0.382683 0.000000
v 0.915976 0.382683 0.120590
v 0.892399 0.382683 0.239118
v 0.853553 0.382683 0.353553
v 0.800103 0.382683 0.461940
v 0.732963 0.382683 0.562422
v 0.653281 0.382683 0.653281
v 0.562422 0.382683 0.732963
v 0.461940 0.382683 0.800103
v 0.353553 0.382683 0.853553
v 0.239118 0.382683 0.892399
v 0.120590 0.382683 0.915976
v 0.000000 0.382683 0.923880
v -0.120590 0.382683 0.915976
v -0.239118 0.382683 0.892399
v -0.353553 0.382683 0.853553
v -0.461940 0.382683 0.800103
v -0.562422 0.382683 0.732963
v -0.653281 0.382683 0.653281
v -0.732963 0.382683 0.562422
v -0.800103 0.382683 0.461940
v -0.853553 0.382683 0.353553
v -0.892399 0.382683 0.239118
v -0.915976 0.382683 0.120590
v -0.923880 0.382683 0.000000
v -0.915976 0.382683 -0.120590
v -0.892399 0.382683 -0.239118
v -0.853553 0.382683 -0.353553
v -0.800103 0.382683 -0.461940
v -0.732963 0.382683 -0.562422
v -0.653281 0.382683 -0.653281
v -0.562422 0.382683 -0.732963
v -0.461940 0.382683 -0.800103
v -0.353553 0.382683 -0.853553
v -0.239118 0.382683 -0.892399
v -0.120590 0.382683 -0.915976
v -0.000000 0.382683 -0.923880
v 0.120590 0.382683 -0.915976
v 0.239118 0.382683 -0.892399
v 0.353553 0.382683 -0.853553
v 0.461940 0.382683 -0.800103
v 0.562422 0.382683 -0.732963
v 0.653281 0.382683 -0.653281
v 0.732963 0.382683 -0.562422
v 0.800103 0.382683 -0.461940
v 0.853553 0.382683 -0.353553
v 0.892399 0.382683 -0.239118
v 0.915976 0.382683 -0.120590
v 0.923880 0.382683 -0.000000
v 0.956940 0.290285 0.000000
v 0.948754 0.290285 0.124906
v 0.924333 0.290285 0.247674
v 0.884098 0.290285 0.366205
v 0.828735 0.290285 0.478470
v 0.759192 0.290285 0.582548
v 0.676659 0.290285 0.676659
v 0.582548 0.290285 0.759192
v 0.478470 0.290285 0.828735
v 0.366205 0.290285 0.884098
v 0.247674 0.290285 0.924333
v 0.124906 0.290285 0.948754
v 0.000000 0.290285 0.956940
v -0.124906 0.290285 0.948754
v -0.247674 0.290285 0.924333
v -0.366205 0.290285 0.884098
v -0.478470 0.290285 0.828735
v -0.582548 0.290285 0.759192
v -0.676659 0.290285 0.676659
v -0.759192 0.290285 0.582548
v -0.828735 0.290285 0.478470
v -0.884098 0.290285 0.366205
v -0.924333 0.290285 0.247674
v -0.948754 0.290285 0.124906
v -0.956940 0.290285 0.000000
v -0.948754 0.290285 -0.124906
v -0.924333 0.290285 -0.247674
v -0.884098 0.290285 -0.366205
v -0.828735 0.290285 -0.478470
v -0.759192 0.290285 -0.582548
v -0.676659 0.290285 -0.676659
v -0.582548 0.290285 -0.759192
v -0.478470 0.290285 -0.828735
v -0.366205 0.290285 -0.884098
v -0.247674 0.290285 -0.924333
v -0.124906 0.290285 -0.948754
v -0.000000 0.290285 -0.956940
v 0.124906 0.290285 -0.948754
v 0.247674 0.290285 -0.924333
v 0.366205 0.290285 -0.884098
v 0.478470 0.290285 -0.828735
v 0.582548 0.290285 -0.759192
v 0.676659 0.290285 -0.676659
v 0.759192 0.290285 -0.582548
v 0.828735 0.290285 -0.478470
v 0.884098 0.290285 -0.366205
v 0.924333 0.290285 -0.247674
v 0.948754 0.290285 -0.124906
v 0.956940 0.290285 -0.000000
v 0.980785 0.195090 0.000000
v 0.972395 0.195090 0.128018
v 0.947366 0.195090 0.253846
v 0.906127 0.195090 0.375330
v 0.849385 0.195090 0.490393
v 0.778109 0.195090 0.597064
v 0.693520 0.195090 0.693520
v 0.597064 0.195090 0.778109
v 0.490393 0.195090 0.849385
v 0.375330 0.195090 0.906127
v 0.253846 0.195090 0.947366
v 0.128018 0.195090 0.972395
v 0.000000 0.195090 0.980785
v -0.128018 0.195090 0.972395
v -0.253846 0.195090 0.947366
v -0.375330 0.195090 0.906127
v -0.490393 0.195090 0.849385
v -0.597064 0.195090 0.778109
v -0.693520 0.195090 0.693520
v -0.778109 0.195090 0.597064
v -0.849385 0.195090 0.490393
v -0.906127 0.195090 0.375330
v -0.947366 0.195090 0.253846
v -0.972395 0.195090 0.128018
v -0.980785 0.195090 0.000000
v -0.972395 0.195090 -0.128018
v -0.947366 0.195090 -0.253846
v -0.906127 0.195090 -0.375330
v -0.849385 0.195090 -0.490393
v -0.778109 0.195090 -0.597064
v -0.693520 0.195090 -0.693520
v -0.597064 0.195090 -0.778109
v -0.490393 0.195090 -0.849385
v -0.375330 0.195090 -0.906127
v -0.253846 0.195090 -0.947366
v -0.128018 0.195090 -0.972395
v -0.000000 0.195090 -0.980785
v 0.128018 0.195090 -0.972395
v 0.253846 0.195090 -0.947366
v 0.375330 0.195090 -0.906127
v 0.490393 0.195090 -0.849385
v 0.597064 0.195090 -0.778109
v 0.693520 0.195090 -0.693520
v 0.778109 0.195090 -0.597064
v 0.849385 0.195090 -0.490393
v 0.906127 0.195090 -0.375330
v 0.947366 0.195090 -0.253846
v 0.972395 0.195090 -0.128018
v 0.980785 0.195090 -0.000000
v 0.995185 0.098017 0.000000
v 0.986671 0.098017 0.129898
v 0.961275 0.098017 0.257573
v 0.919431 0.098017 0.380841
v 0.861855 0.098017 0.497592
v 0.789533 0.098017 0.605830
v 0.703702 0.098017 0.703702
v 0.605830 0.098017 0.789533
v 0.497592 0.098017 0.861855
v 0.380841 0.098017 0.919431
v 0.257573 0.098017 0.961275
v 0.129898 0.098017 0.986671
v 0.000000 0.098017 0.995185
v -0.129898 0.098017 0.986671
v -0.257573 0.098017 0.961275
v -0.380841 0.098017 0.919431
v -0.497592 0.098017 0.861855
v -0.605830 0.098017 0.789533
v -0.703702 0.098017 0.703702
v -0.789533 0.098017 0.605830
v -0.861855 0.098017 0.497592
v -0.919431 0.098017 0.380841
v -0.961275 0.098017 0.257573
v -0.986671 0.098017 0.129898
v -0.995185 0.098017 0.000000
v -0.986671 0.098017 -0.129898
v -0.961275 0.098017 -0.257573
v -0.919431 0.098017 -0.380841
v -0.861855 0.098017 -0.497592
v -0.789533 0.098017 -0.605830
v -0.703702 0.098017 -0.703702
v -0.605830 0.098017 -0.789533
v -0.497592 0.098017 -0.861855
v -0.380841 0.098017 -0.919431
v -0.257573 0.098017 -0.961275
v -0.129898 0.098017 -0.986671
v -0.000000 0.098017 -0.995185
v 0.129898 0.098017 -0.986671
v 0.257573 0.098017 -0.961275
v 0.380841 0.098017 -0.919431
v 0.497592 0.098017 -0.861855
v 0.605830 0.098017 -0.789533
v 0.703702 0.098017 -0.703702
v 0.789533 0.098017 -0.605830
v 0.861855 0.098017 -0.497592
v 0.919431 0.098017 -0.380841
v 0.961275 0.098017 -0.257573
v 0.986671 0.098017 -0.129898
v 0.995185 0.098017 -0.000000
v 1.000000 0.000000 0.000000
v 0.991445 0.000000 0.130526
v 0.965926 0.000000 0.258819
v 0.923880 0.000000 0.382683
v 0.866025 0.000000 0.500000
v 0.793353 0.000000 0.608761
v 0.707107 0.000000 0.707107
v 0.608761 0.000000 0.793353
v 0.500000 0.000000 0.866025
v 0.382683 0.000000 0.923880
v 0.258819 0.000000 0.965926
v 0.130526 0.000000 0.991445
v 0.000000 0.000000 1.000000
v -0.130526 0.000000 0.991445
v -0.258819 0.000000 0.965926
v -0.382683 0.000000 0.923880
v -0.500000 0.000000 0.866025
v -0.608761 0.000000 0.793353
v -0.707107 0.000000 0.707107
v -0.793353 0.000000 0.608761
v -0.866025 0.000000 0.500000
v -0.923880 0.000000 0.382683
v -0.965926 0.000000 0.258819
v -0.991445 0.000000 0.130526
v -1.000000 0.000000 0.000000
v -0.991445 0.000000 -0.130526
v -0.965926 0.000000 -0.258819
v -0.923880 0.000000 -0.382683
v -0.866025 0.000000 -0.500000
v -0.793353 0.000000 -0.608761
v -0.707107 0.000000 -0.707107
v -0.608761 0.000000 -0.793353
v -0.500000 0.000000 -0.866025
v -0.382683 0.000000 -0.923880
v -0.258819 0.000000 -0.965926
v -0.130526 0.000000 -0.991445
v -0.000000 0.000000 -1.000000
v 0.130526 0.000000 -0.991445
v 0.258819 0.000000 -0.965926
v 0.382683 0.000000 -0.923880
v 0.500000 0.000000 -0.866025
v 0.608761 0.000000 -0.793353
v 0.707107 0.000000 -0.707107
v 0.793353 0.000000 -0.608761
v 0.866025 0.000000 -0.500000
v 0.923880 0.000000 -0.382683
v 0.965926 0.000000 -0.258819
v 0.991445 0.000000 -0.130526
v 1.000000 0.000000 -0.000000
v 0.995185 -0.098017 0.000000
v 0.986671 -0.098017 0.129898
v 0.961275 -0.098017 0.257573
v 0.919431 -0.098017 0.380841
v 0.861855 -0.098017 0.497592
v 0.789533 -0.098017 0.605830
v 0.703702 -0.098017 0.703702
v 0.605830 -0.098017 0.789533
v 0.497592 -0.098017 0.861855
v 0.380841 -0.098017 0.919431
v 0.257573 -0.098017 0.961275
v 0.129898 -0.098017 0.986671
v 0.000000 -0.098017 0.995185
v -0.129898 -0.098017 0.986671
v -0.257573 -0.098017 0.961275
v -0.380841 -0.098017 0.919431
v -0.497592 -0.098017 0.861855
v -0.605830 -0.098017 0.789533
v -0.703702 -0.098017 0.703702
v -0.789533 -0.098017 0.605830
v -0.861855 -0.098017 0.497592
v -0.919431 -0.098017 0.380841
v -0.961275 -0.098017 0.257573
v -0.986671 -0.098017 0.129898
v -0.995185 -0.098017 0.000000
v -0.986671 -0.098017 -0.129898
v -0.961275 -0.098017 -0.257573
v -0.919431 -0.098017 -0.380841
v -0.861855 -0.098017 -0.497592
v -0.789533 -0.098017 -0.605830
v -0.703702 -0.098017 -0.703702
v -0.605830 -0.098017 -0.789533
v -0.497592 -0.098017 -0.861855
v -0.380841 -0.098017 -0.919431
v -0.257573 -0.098017 -0.961275
v -0.129898 -0.098017 -0.986671
v -0.000000 -0.098017 -0.995185
v 0.129898 -0.098017 -0.986671
v 0.257573 -0.098017 -0.961275
v 0.380841 -0.098017 -0.919431
v 0.497592 -0.098017 -0.861855
v 0.605830 -0.098017 -0.789533
v 0.703702 -0.098017 -0.703702
v 0.789533 -0.098017 -0.605830
v 0.861855 -0.098017 -0.497592
v 0.919431 -0.098017 -0.380841
v 0.961275 -0.098017 -0.257573
v 0.986671 -0.098017 -0.129898
v 0.995185 -0.098017 -0.000000
v 0.980785 -0.195090 0.000000
v 0.972395 -0.195090 0.128018
v 0.947366 -0.195090 0.253846
v 0.906127 -0.195090 0.375330
v 0.849385 -0.195090 0.490393
v 0.778109 -0.195090 0.597064
v 0.693520 -0.195090 0.693520
v 0.597064 -0.195090 0.778109
v 0.490393 -0.195090 0.849385
v 0.375330 -0.195090 0.906127
v 0.253846 -0.195090 0.947366
v 0.128018 -0.195090 0.972395
v 0.000000 -0.195090 0.980785
v -0.128018 -0.195090 0.972395
v -0.253846 -0.195090 0.947366
v -0.375330 -0.195090 0.906127
v -0.490393 -0.195090 0.849385
v -0.597064 -0.195090 0.778109
v -0.693520 -0.195090 0.693520
v -0.778109 -0.195090 0.597064
v -0.849385 -0.195090 0.490393
v -0.906127 -0.195090 0.375330
v -0.947366 -0.195090 0.253846
v -0.972395 -0.195090 0.128018
v -0.980785 -0.195090 0.000000
v -0.972395 -0.195090 -0.128018
v -0.947366 -0.195090 -0.253846
v -0.906127 -0.195090 -0.375330
v -0.849385 -0.195090 -0.490393
v -0.778109 -0.195090 -0.597064
v -0.693520 -0.195090 -0.693520
v -0.597064 -0.195090 -0.778109
v -0.490393 -0.195090 -0.849385
v -0.375330 -0.195090 -0.906127
v -0.253846 -0.195090 -0.947366
v -0.128018 -0.195090 -0.972395
v -0.000000 -0.195090 -0.980785
v 0.128018 -0.195090 -0.972395
v 0.253846 -0.195090 -0.947366
v 0.375330 -0.195090 -0.906127
v 0.490393 -0.195090 -0.849385
v 0.597064 -0.195090 -0.778109
v 0.693520 -0.195090 -0.693520
v 0.778109 -0.195090 -0.597064
v 0.849385 -0.195090 -0.490393
v 0.906127 -0.195090 -0.375330
v 0.947366 -0.195090 -0.253846
v 0.972395 -0.195090 -0.128018
v 0.980785 -0.195090 -0.000000
v 0.956940 -0.290285 0.000000
v 0.948754 -0.290285 0.124906
v 0.924333 -0.290285 0.247674
v 0.884098 -0.290285 0.366205
v 0.828735 -0.290285 0.478470
v 0.759192 -0.290285 0.582548
v 0.676659 -0.290285 0.676659
v 0.582548 -0.290285 0.759192
v 0.478470 -0.290285 0.828735
v 0.366205 -0.290285 0.884098
v 0.247674 -0.290285 0.924333
v 0.124906 -0.290285 0.948754
v 0.000000 -0.290285 0.956940
v -0.124906 -0.290285 0.948754
v -0.247674 -0.290285 0.924333
v -0.366205 -0.290285 0.884098
v -0.478470 -0.290285 0.828735
v -0.582548 -0.290285 0.759192
v -0.676659 -0.290285 0.676659
v -0.759192 -0.290285 0.582548
v -0.828735 -0.290285 0.478470
v -0.884098 -0.290285 0.366205
v -0.924333 -0.290285 0.247674
v -0.948754 -0.290285 0.124906
v -0.956940 -0.290285 0.000000
v -0.948754 -0.290285 -0.124906
v -0.924333 -0.290285 -0.247674
v -0.884098 -0.290285 -0.366205
v -0.828735 -0.290285 -0.478470
v -0.759192 -0.290285 -0.582548
v -0.676659 -0.290285 -0.676659
v -0.582548 -0.290285 -0.759192
v -0.478470 -0.290285 -0.828735
v -0.366205 -0.290285 -0.884098
v -0.247674 -0.290285 -0.924333
v -0.124906 -0.290285 -0.948754
v -0.000000 -0.290285 -0.956940
v 0.124906 -0.290285 -0.948754
v 0.247674 -0.290285 -0.924333
v 0.366205 -0.290285 -0.884098
v 0.478470 -0.290285 -0.828735
v 0.582548 -0.290285 -0.759192
v 0.676659 -0.290285 -0.676659
v 0.759192 -0.290285 -0.582548
v 0.828735 -0.290285 -0.478470
v 0.884098 -0.290285 -0.366205
v 0.924333 -0.290285 -0.247674
v 0.948754 -0.290285 -0.124906
v 0.956940 -0.290285 -0.000000
v 0.923880 -0.382683 0.000000
v 0.915976 -0.382683 0.120590
v 0.892399 -0.382683 0.239118
v 0.853553 -0.382683 0.353553
v 0.800103 -0.382683 0.461940
v 0.732963 -0.382683 0.562422
v 0.653281 -0.382683 0.653281
v 0.562422 -0.382683 0.732963
v 0.461940 -0.382683 0.800103
v 0.353553 -0.382683 0.853553
v 0.239118 -0.382683 0.892399
v 0.120590 -0.382683 0.915976
v 0.000000 -0.382683 0.923880
v -0.120590 -0.382683 0.915976
v -0.239118 -0.382683 0.892399
v -0.353553 -0.382683 0.853553
v -0.461940 -0.382683 0.800103
v -0.562422 -0.382683 0.732963
v -0.653281 -0.382683 0.653281
v -0.732963 -0.382683 0.562422
v -0.800103 -0.382683 0.461940
v -0.853553 -0.382683 0.353553
v -0.892399 -0.382683 0.239118
v -0.915976 -0.382683 0.120590
v -0.923880 -0.382683 0.000000
v -0.915976 -0.382683 -0.120590
v -0.892399 -0.382683 -0.239118
v -0.853553 -0.382683 -0.353553
v -0.800103 -0.382683 -0.461940
v -0.732963 -0.382683 -0.562422
v -0.653281 -0.382683 -0.653281
v -0.562422 -0.382683 -0.732963
v -0.461940 -0.382683 -0.800103
v -0.353553 -0.382683 -0.853553
v -0.239118 -0.382683 -0.892399
v -0.120590 -0.382683 -0.915976
v -0.000000 -0.382683 -0.923880
v 0.120590 -0.382683 -0.915976
v 0.239118 -0.382683 -0.892399
v 0.353553 -0.382683 -0.853553
v 0.461940 -0.382683 -0.800103
v 0.562422 -0.382683 -0.732963
v 0.653281 -0.382683 -0.653281
v 0.732963 -0.382683 -0.562422
v 0.800103 -0.382683 -0.461940
v 0.853553 -0.382683 -0.353553
v 0.892399 -0.382683 -0.239118
v 0.915976 -0.382683 -0.120590
v 0.923880 -0.382683 -0.000000
v 0.881921 -0.471397 0.000000
v 0.874376 -0.471397 0.115114
v 0.851871 -0.471397 0.228258
v 0.814789 -0.471397 0.337497
v 0.763766 -0.471397 0.440961
v 0.699675 -0.471397 0.536880
v 0.623613 -0.471397 0.623613
v 0.536880 -0.471397 0.699675
v 0.440961 -0.471397 0.763766
v 0.337497 -0.471397 0.814789
v 0.228258 -0.471397 0.851871
v 0.115114 -0.471397 0.874376
v 0.000000 -0.471397 0.881921
v -0.115114 -0.471397 0.874376
v -0.228258 -0.471397 0.851871
v -0.337497 -0.471397 0.814789
v -0.440961 -0.471397 0.763766
v -0.536880 -0.471397 0.699675
v -0.623613 -0.471397 0.623613
v -0.699675 -0.471397 0.536880
v -0.763766 -0.471397 0.440961
v -0.814789 -0.471397 0.337497
v -0.851871 -0.471397 0.228258
v -0.874376 -0.471397 0.115114
v -0.881921 -0.471397 0.000000
v -0.874376 -0.471397 -0.115114
v -0.851871 -0.471397 -0.228258
v -0.814789 -0.471397 -0.337497
v -0.763766 -0.471397 -0.440961
v -0.699675 -0.471397 -0.536880
v -0.623613 -0.471397 -0.623613
v -0.536880 -0.471397 -0.699675
v -0.440961 -0.471397 -0.763766
v -0.337497 -0.471397 -0.814789
v -0.228258 -0.471397 -0.851871
v -0.115114 -0.471397 -0.874376
v -0.000000 -0.471397 -0.881921
v 0.115114 -0.471397 -0.874376
v 0.228258 -0.471397 -0.851871
v 0.337497 -0.471397 -0.814789
v 0.440961 -0.471397 -0.763766
v 0.536880 -0.471397 -0.699675
v 0.623613 -0.471397 -0.623613
v 0.699675 -0.471397 -0.536880
v 0.763766 -0.471397 -0.440961
v 0.814789 -0.471397 -0.337497
v 0.851871 -0.471397 -0.228258
v 0.874376 -0.471397 -0.115114
v 0.881921 -0.471397 -0.000000
v 0.831470 -0.555570 0.000000
v 0.824356 -0.555570 0.108529
v 0.803138 -0.555570 0.215200
v 0.768178 -0.555570 0.318190
v 0.720074 -0.555570 0.415735
v 0.659649 -0.555570 0.506167
v 0.587938 -0.555570 0.587938
v 0.506167 -0.555570 0.659649
v 0.415735 -0.555570 0.720074
v 0.318190 -0.555570 0.768178
v 0.215200 -0.555570 0.803138
v 0.108529 -0.555570 0.824356
v 0.000000 -0.555570 0.831470
v -0.108529 -0.555570 0.824356
v -0.215200 -0.555570 0.803138
v -0.318190 -0.555570 0.768178
v -0.415735 -0.555570 0.720074
v -0.506167 -0.555570 0.659649
v -0.587938 -0.555570 0.587938
v -0.659649 -0.555570 0.506167
v -0.720074 -0.555570 0.415735
v -0.768178 -0.555570 0.318190
v -0.803138 -0.555570 0.215200
v -0.824356 -0.555570 0.108529
v -0.831470 -0.555570 0.000000
v -0.824356 -0.555570 -0.108529
v -0.803138 -0.555570 -0.215200
v -0.768178 -0.555570 -0.318190
v -0.720074 -0.555570 -0.415735
v -0.659649 -0.555570 -0.506167
v -0.587938 -0.555570 -0.587938
v -0.506167 -0.555570 -0.659649
v -0.415735 -0.555570 -0.720074
v -0.318190 -0.555570 -0.768178
v -0.215200 -0.555570 -0.803138
v -0.108529 -0.555570 -0.824356
v -0.000000 -0.555570 -0.831470
v 0.108529 -0.555570 -0.824356
v 0.215200 -0.555570 -0.803138
v 0.318190 -0.555570 -0.768178
v 0.415735 -0.555570 -0.720074
v 0.506167 -0.555570 -0.659649
v 0.587938 -0.555570 -0.587938
v 0.659649 -0.555570 -0.506167
v 0.720074 -0.555570 -0.415735
v 0.768178 -0.555570 -0.318190
v 0.803138 -0.555570 -0.215200
v 0.824356 -0.555570 -0.108529
v 0.831470 -0.555570 -0.000000
v 0.773010 -0.634393 0.000000
v 0.766397 -0.634393 0.100898
v 0.746671 -0.634393 0.200070
v 0.714169 -0.634393 0.295818
v 0.669447 -0.634393 0.386505
v 0.613270 -0.634393 0.470579
v 0.546601 -0.634393 0.546601
v 0.470579 -0.634393 0.613270
v 0.386505 -0.634393 0.669447
v 0.295818 -0.634393 0.714169
v 0.200070 -0.634393 0.746671
v 0.100898 -0.634393 0.766397
v 0.000000 -0.634393 0.773010
v -0.100898 -0.634393 0.766397
v -0.200070 -0.634393 0.746671
v -0.295818 -0.634393 0.714169
v -0.386505 -0.634393 0.669447
v -0.470579 -0.634393 0.613270
v -0.546601 -0.634393 0.546601
v -0.613270 -0.634393 0.470579
v -0.669447 -0.634393 0.386505
v -0.714169 -0.634393 0.295818
v -0.746671 -0.634393 0.200070
v -0.766397 -0.634393 0.100898
v -0.773010 -0.634393 0.000000
v -0.766397 -0.634393 -0.100898
v -0.746671 -0.634393 -0.200070
v -0.714169 -0.634393 -0.295818
v -0.669447 -0.634393 -0.386505
v -0.613270 -0.634393 -0.470579
v -0.546601 -0.634393 -0.546601
v -0.470579 -0.634393 -0.613270
v -0.386505 -0.634393 -0.669447
v -0.295818 -0.634393 -0.714169
v -0.200070 -0.634393 -0.746671
v -0.100898 -0.634393 -0.766397
v -0.000000 -0.634393 -0.773010
v 0.100898 -0.634393 -0.766397
v 0.200070 -0.634393 -0.746671
v 0.295818 -0.634393 -0.714169
v 0.386505 -0.634393 -0.669447
v 0.470579 -0.634393 -0.613270
v 0.546601 -0.634393 -0.546601
v 0.613270 -0.634393 -0.470579
v 0.669447 -0.634393 -0.386505
v 0.714169 -0.634393 -0.295818
v 0.746671 -0.634393 -0.200070
v 0.766397 -0.634393 -0.100898
v 0.773010 -0.634393 -0.000000
v 0.707107 -0.707107 0.000000
v 0.701057 -0.707107 0.092296
v 0.683013 -0.707107 0.183013
v 0.653281 -0.707107 0.270598
v 0.612372 -0.707107 0.353553
v 0.560986 -0.707107 0.430459
v 0.500000 -0.707107 0.500000
v 0.430459 -0.707107 0.560986
v 0.353553 -0.707107 0.612372
v 0.270598 -0.707107 0.653281
v 0.183013 -0.707107 0.683013
v 0.092296 -0.707107 0.701057
v 0.000000 -0.707107 0.707107
v -0.092296 -0.707107 0.701057
v -0.183013 -0.707107 0.683013
v -0.270598 -0.707107 0.653281
v -0.353553 -0.707107 0.612372
v -0.430459 -0.707107 0.560986
v -0.500000 -0.707107 0.500000
v -0.560986 -0.707107 0.430459
v -0.612372 -0.707107 0.353553
v -0.653281 -0.707107 0.270598
v -0.683013 -0.707107 0.183013
v -0.701057 -0.707107 0.092296
v -0.707107 -0.707107 0.000000
v -0.701057 -0.707107 -0.092296
v -0.683013 -0.707107 -0.183013
v -0.653281 -0.707107 -0.270598
v -0.612372 -0.707107 -0.353553
v -0.560986 -0.707107 -0.430459
v -0.500000 -0.707107 -0.500000
v -0.430459 -0.707107 -0.560986
v -0.353553 -0.707107 -0.612372
v -0.270598 -0.707107 -0.653281
v -0.183013 -0.707107 -0.683013
v -0.092296 -0.707107 -0.701057
v -0.000000 -0.707107 -0.707107
v 0.092296 -0.707107 -0.701057
v 0.183013 -0.707107 -0.683013
v 0.270598 -0.707107 -0.653281
v 0.353553 -0.707107 -0.612372
v 0.430459 -0.707107 -0.560986
v 0.500000 -0.707107 -0.500000
v 0.560986 -0.707107 -0.430459
v 0.612372 -0.707107 -0.353553
v 0.653281 -0.707107 -0.270598
v 0.683013 -0.707107 -0.183013
v 0.701057 -0.707107 -0.092296
v 0.707107 -0.707107 -0.000000
v 0.634393 -0.773010 0.000000
v 0.628966 -0.773010 0.082805
v 0.612777 -0.773010 0.164193
v 0.586103 -0.773010 0.242772
v 0.549401 -0.773010 0.317197
v 0.503298 -0.773010 0.386194
v 0.448584 -0.773010 0.448584
v 0.386194 -0.773010 0.503298
v 0.317197 -0.773010 0.549401
v 0.242772 -0.773010 0.586103
v 0.164193 -0.773010 0.612777
v 0.082805 -0.773010 0.628966
v 0.000000 -0.773010 0.634393
v -0.082805 -0.773010 0.628966
v -0.164193 -0.773010 0.612777
v -0.242772 -0.773010 0.586103
v -0.317197 -0.773010 0.549401
v -0.386194 -0.773010 0.503298
v -0.448584 -0.773010 0.448584
v -0.503298 -0.773010 0.386194
v -0.549401 -0.773010 0.317197
v -0.586103 -0.773010 0.242772
v -0.612777 -0.773010 0.164193
v -0.628966 -0.773010 0.082805
v -0.634393 -0.773010 0.000000
v -0.628966 -0.773010 -0.082805
v -0.612777 -0.773010 -0.164193
v -0.586103 -0.773010 -0.242772
v -0.549401 -0.773010 -0.317197
v -0.503298 -0.773010 -0.386194
v -0.448584 -0.773010 -0.448584
v -0.386194 -0.773010 -0.503298
v -0.317197 -0.773010 -0.549401
v -0.242772 -0.773010 -0.586103
v -0.164193 -0.773010 -0.612777
v -0.082805 -0.773010 -0.628966
v -0.000000 -0.773010 -0.634393
v 0.082805 -0.773010 -0.628966
v 0.164193 -0.773010 -0.612777
v 0.242772 -0.773010 -0.586103
v 0.317197 -0.773010 -0.549401
v 0.386194 -0.773010 -0.503298
v 0.448584 -0.773010 -0.448584
v 0.503298 -0.773010 -0.386194
v 0.549401 -0.773010 -0.317197
v 0.586103 -0.773010 -0.242772
v 0.612777 -0.773010 -0.164193
v 0.628966 -0.773010 -0.082805
v 0.634393 -0.773010 -0.000000
v 0.555570 -0.831470 0.000000
v 0.550817 -0.831470 0.072516
v 0.536640 -0.831470 0.143792
v 0.513280 -0.831470 0.212608
v 0.481138 -0.831470 0.277785
v 0.440764 -0.831470 0.338210
v 0.392847 -0.831470 0.392847
v 0.338210 -0.831470 0.440764
v 0.277785 -0.831470 0.481138
v 0.212608 -0.831470 0.513280
v 0.143792 -0.831470 0.536640
v 0.072516 -0.831470 0.550817
v 0.000000 -0.831470 0.555570
v -0.072516 -0.831470 0.550817
v -0.143792 -0.831470 0.536640
v -0.212608 -0.831470 0.513280
v -0.277785 -0.831470 0.481138
v -0.338210 -0.831470 0.440764
v -0.392847 -0.831470 0.392847
v -0.440764 -0.831470 0.338210
v -0.481138 -0.831470 0.277785
v -0.513280 -0.831470 0.212608
v -0.536640 -0.831470 0.143792
v -0.550817 -0.831470 0.072516
v -0.555570 -0.831470 0.000000
v -0.550817 -0.831470 -0.072516
v -0.536640 -0.831470 -0.143792
v -0.513280 -0.831470 -0.212608
v -0.481138 -0.831470 -0.277785
v -0.440764 -0.831470 -0.338210
v -0.392847 -0.831470 -0.392847
v -0.338210 -0.831470 -0.440764
v -0.277785 -0.831470 -0.481138
v -0.212608 -0.831470 -0.513280
v -0.143792 -0.831470 -0.536640
v -0.072516 -0.831470 -0.550817
v -0.000000 -0.831470 -0.555570
v 0.072516 -0.831470 -0.550817
v 0.143792 -0.831470 -0.536640
v 0.212608 -0.831470 -0.513280
v 0.277785 -0.831470 -0.481138
v 0.338210 -0.831470 -0.440764
v 0.392847 -0.831470 -0.392847
v 0.440764 -0.831470 -0.338210
v 0.481138 -0.831470 -0.277785
v 0.513280 -0.831470 -0.212608
v 0.536640 -0.831470 -0.143792
v 0.550817 -0.831470 -0.072516
v 0.555570 -0.831470 -0.000000
v 0.471397 -0.881921 0.000000
v 0.467364 -0.881921 0.061530
v 0.455334 -0.881921 0.122006
v 0.435514 -0.881921 0.180396
v 0.408242 -0.881921 0.235698
v 0.373984 -0.881921 0.286968
v 0.333328 -0.881921 0.333328
v 0.286968 -0.881921 0.373984
v 0.235698 -0.881921 0.408242
v 0.180396 -0.881921 0.435514
v 0.122006 -0.881921 0.455334
v 0.061530 -0.881921 0.467364
v 0.000000 -0.881921 0.471397
v -0.061530 -0.881921 0.467364
v -0.122006 -0.881921 0.455334
v -0.180396 -0.881921 0.435514
v -0.235698 -0.881921 0.408242
v -0.286968 -0.881921 0.373984
v -0.333328 -0.881921 0.333328
v -0.373984 -0.881921 0.286968
v -0.408242 -0.881921 0.235698
v -0.435514 -0.881921 0.180396
v -0.455334 -0.881921 0.122006
v -0.467364 -0.881921 0.061530
v -0.471397 -0.881921 0.000000
v -0.467364 -0.881921 -0.061530
v -0.455334 -0.881921 -0.122006
v -0.435514 -0.881921 -0.180396
v -0.408242 -0.881921 -0.235698
v -0.373984 -0.881921 -0.286968
v -0.333328 -0.881921 -0.333328
v -0.286968 -0.881921 -0.373984
v -0.235698 -0.881921 -0.408242
v -0.180396 -0.881921 -0.435514
v -0.122006 -0.881921 -0.455334
v -0.061530 -0.881921 -0.467364
v -0.000000 -0.881921 -0.471397
v 0.061530 -0.881921 -0.467364
v 0.122006 -0.881921 -0.455334
v 0.180396 -0.881921 -0.435514
v 0.235698 -0.881921 -0.408242
v 0.286968 -0.881921 -0.373984
v 0.333328 -0.881921 -0.333328
v 0.373984 -0.881921 -0.286968
v 0.408242 -0.881921 -0.235698
v 0.435514 -0.881921 -0.180396
v 0.455334 -0.881921 -0.122006
v 0.467364 -0.881921 -0.061530
v 0.471397 -0.881921 -0.000000
v 0.382683 -0.923880 0.000000
v 0.379410 -0.923880 0.049950
v 0.369644 -0.923880 0.099046
v 0.353553 -0.923880 0.146447
v 0.331414 -0.923880 0.191342
v 0.303603 -0.923880 0.232963
v 0.270598 -0.923880 0.270598
v 0.232963 -0.923880 0.303603
v 0.191342 -0.923880 0.331414
v 0.146447 -0.923880 0.353553
v 0.099046 -0.923880 0.369644
v 0.049950 -0.923880 0.379410
v 0.000000 -0.923880 0.382683
v -0.049950 -0.923880 0.379410
v -0.099046 -0.923880 0.369644
v -0.146447 -0.923880 0.353553
v -0.191342 -0.923880 0.331414
v -0.232963 -0.923880 0.303603
v -0.270598 -0.923880 0.270598
v -0.303603 -0.923880 0.232963
v -0.331414 -0.923880 0.191342
v -0.353553 -0.923880 0.146447
v -0.369644 -0.923880 0.099046
v -0.379410 -0.923880 0.049950
v -0.382683 -0.923880 0.000000
v -0.379410 -0.923880 -0.049950
v -0.369644 -0.923880 -0.099046
v -0.353553 -0.923880 -0.146447
v -0.331414 -0.923880 -0.191342
v -0.303603 -0.923880 -0.232963
v -0.270598 -0.923880 -0.270598
v -0.232963 -0.923880 -0.303603
v -0.191342 -0.923880 -0.331414
v -0.146447 -0.923880 -0.353553
v -0.099046 -0.923880 -0.369644
v -0.049950 -0.923880 -0.379410
v -0.000000 -0.923880 -0.382683
v 0.049950 -0.923880 -0.379410
v 0.099046 -0.923880 -0.369644
v 0.146447 -0.923880 -0.353553
v 0.191342 -0.923880 -0.331414
v 0.232963 -0.923880 -0.303603
v 0.270598 -0.923880 -0.270598
v 0.303603 -0.923880 -0.232963
v 0.331414 -0.923880 -0.191342
v 0.353553 -0.923880 -0.146447
v 0.369644 -0.923880 -0.099046
v 0.379410 -0.923880 -0.049950
v 0.382683 -0.923880 -0.000000
v 0.290285 -0.956940 0.000000
v 0.287801 -0.956940 0.037890
v 0.280393 -0.956940 0.075131
v 0.268188 -0.956940 0.111087
v 0.251394 -0.956940 0.145142
v 0.230298 -0.956940 0.176714
v 0.205262 -0.956940 0.205262
v 0.176714 -0.956940 0.230298
v 0.145142 -0.956940 0.251394
v 0.111087 -0.956940 0.268188
v 0.075131 -0.956940 0.280393
v 0.037890 -0.956940 0.287801
v 0.000000 -0.956940 0.290285
v -0.037890 -0.956940 0.287801
v -0.075131 -0.956940 0.280393
v -0.111087 -0.956940 0.268188
v -0.145142 -0.956940 0.251394
v -0.176714 -0.956940 0.230298
v -0.205262 -0.956940 0.205262
v -0.230298 -0.956940 0.176714
v -0.251394 -0.956940 0.145142
v -0.268188 -0.956940 0.111087
v -0.280393 -0.956940 0.075131
v -0.287801 -0.956940 0.037890
v -0.290285 -0.956940 0.000000
v -0.287801 -0.956940 -0.037890
v -0.280393 -0.956940 -0.075131
v -0.268188 -0.956940 -0.111087
v -0.251394 -0.956940 -0.145142
v -0.230298 -0.956940 -0.176714
v -0.205262 -0.956940 -0.205262
v -0.176714 -0.956940 -0.230298
v -0.145142 -0.956940 -0.251394
v -0.111087 -0.956940 -0.268188
v -0.075131 -0.956940 -0.280393
v -0.037890 -0.956940 -0.287801
v -0.000000 -0.956940 -0.290285
v 0.037890 -0.956940 -0.287801
v 0.075131 -0.956940 -0.280393
v 0.111087 -0.956940 -0.268188
v 0.145142 -0.956940 -0.251394
v 0.176714 -0.956940 -0.230298
v 0.205262 -0.956940 -0.205262
v 0.230298 -0.956940 -0.176714
v 0.251394 -0.956940 -0.145142
v 0.268188 -0.956940 -0.111087
v 0.280393 -0.956940 -0.075131
v 0.287801 -0.956940 -0.037890
v 0.290285 -0.956940 -0.000000
v 0.195090 -0.980785 0.000000
v 0.193421 -0.980785 0.025464
v 0.188443 -0.980785 0.050493
v 0.180240 -0.980785 0.074658
v 0.168953 -0.980785 0.097545
v 0.154776 -0.980785 0.118763
v 0.137950 -0.980785 0.137950
v 0.118763 -0.980785 0.154776
v 0.097545 -0.980785 0.168953
v 0.074658 -0.980785 0.180240
v 0.050493 -0.980785 0.188443
v 0.025464 -0.980785 0.193421
v 0.000000 -0.980785 0.195090
v -0.025464 -0.980785 0.193421
v -0.050493 -0.980785 0.188443
v -0.074658 -0.980785 0.180240
v -0.097545 -0.980785 0.168953
v -0.118763 -0.980785 0.154776
v -0.137950 -0.980785 0.137950
v -0.154776 -0.980785 0.118763
v -0.168953 -0.980785 0.097545
v -0.180240 -0.980785 0.074658
v -0.188443 -0.980785 0.050493
v -0.193421 -0.980785 0.025464
v -0.195090 -0.980785 0.000000
v -0.193421 -0.980785 -0.025464
v -0.188443 -0.980785 -0.050493
v -0.180240 -0.980785 -0.074658
v -0.168953 -0.980785 -0.097545
v -0.154776 -0.980785 -0.118763
v -0.137950 -0.980785 -0.137950
v -0.118763 -0.980785 -0.154776
v -0.097545 -0.980785 -0.168953
v -0.074658 -0.980785 -0.180240
v -0.050493 -0.980785 -0.188443
v -0.025464 -0.980785 -0.193421
v -0.000000 -0.980785 -0.195090
v 0.025464 -0.980785 -0.193421
v 0.050493 -0.980785 -0.188443
v 0.074658 -0.980785 -0.180240
v 0.097545 -0.980785 -0.168953
v 0.118763 -0.980785 -0.154776
v 0.137950 -0.980785 -0.137950
v 0.154776 -0.980785 -0.118763
v 0.168953 -0.980785 -0.097545
v 0.180240 -0.980785 -0.074658
v 0.188443 -0.980785 -0.050493
v 0.193421 -0.980785 -0.025464
v 0.195090 -0.980785 -0.000000
v 0.098017 -0.995185 0.000000
v 0.097179 -0.995185 0.012794
v 0.094677 -0.995185 0.025369
v 0.090556 -0.995185 0.037510
v 0.084885 -0.995185 0.049009
v 0.077762 -0.995185 0.059669
v 0.069309 -0.995185 0.069309
v 0.059669 -0.995185 0.077762
v 0.049009 -0.995185 0.084885
v 0.037510 -0.995185 0.090556
v 0.025369 -0.995185 0.094677
v 0.012794 -0.995185 0.097179
v 0.000000 -0.995185 0.098017
v -0.012794 -0.995185 0.097179
v -0.025369 -0.995185 0.094677
v -0.037510 -0.995185 0.090556
v -0.049009 -0.995185 0.084885
v -0.059669 -0.995185 0.077762
v -0.069309 -0.995185 0.069309
v -0.077762 -0.995185 0.059669
v -0.084885 -0.995185 0.049009
v -0.090556 -0.995185 0.037510
v -0.094677 -0.995185 0.025369
v -0.097179 -0.995185 0.012794
v -0.098017 -0.995185 0.000000
v -0.097179 -0.995185 -0.012794
v -0.094677 -0.995185 -0.025369
v -0.090556 -0.995185 -0.037510
v -0.084885 -0.995185 -0.049009
v -0.077762 -0.995185 -0.059669
v -0.069309 -0.995185 -0.069309
v -0.059669 -0.995185 -0.077762
v -0.049009 -0.995185 -0.084885
v -0.037510 -0.995185 -0.090556
v -0.025369 -0.995185 -0.094677
v -0.012794 -0.995185 -0.097179
v -0.000000 -0.995185 -0.098017
v 0.012794 -0.995185 -0.097179
v 0.025369 -0.995185 -0.094677
v 0.037510 -0.995185 -0.090556
v 0.049009 -0.995185 -0.084885
v 0.059669 -0.995185 -0.077762
v 0.069309 -0.995185 -0.069309
v 0.077762 -0.995185 -0.059669
v 0.084885 -0.995185 -0.049009
v 0.090556 -0.995185 -0.037510
v 0.094677 -0.995185 -0.025369
v 0.097179 -0.995185 -0.012794
v 0.098017 -0.995185 -0.000000
v 0.000000 -1.000000 0.000000
v 0.000000 -1.000000 0.000000
v 0.000000 -1.000000 0.000000
v 0.000000 -1.000000 0.000000
v 0.000000 -1.000000 0.000000
v 0.000000 -1.000000 0.000000
v 0.000000 -1.000000 0.000000
v 0.000000 -1.000000 0.000000
v 0.000000 -1.000000 0.000000
v 0.000000 -1.000000 0.000000
v 0.000000 -1.000000 0.000000
v 0.000000 -1.000000 0.000000
v 0.000000 -1.000000 0.000000
v -0.000000 -1.000000 0.000000
v -0.000000 -1.000000 0.000000
v -0.000000 -1.000000 0.000000
v -0.000000 -1.000000 0.000000
v -0.000000 -1.000000 0.000000
v -0.000000 -1.000000 0.000000
v -0.000000 -1.000000 0.000000
v -0.000000 -1.000000 0.000000
v -0.000000 -1.000000 0.000000
v -0.000000 -1.000000 0.000000
v -0.000000 -1.000000 0.000000
v -0.000000 -1.000000 0.000000
v -0.000000 -1.000000 -0.000000
v -0.000000 -1.000000 -0.000000
v -0.000000 -1.000000 -0.000000
v -0.000000 -1.000000 -0.000000
v -0.000000 -1.000000 -0.000000
v -0.000000 -1.000000 -0.000000
v -0.000000 -1.000000 -0.000000
v -0.000000 -1.000000 -0.000000
v -0.000000 -1.000000 -0.000000
v -0.000000 -1.000000 -0.000000
v -0.000000 -1.000000 -0.000000
v -0.000000 -1.000000 -0.000000
v 0.000000 -1.000000 -0.000000
v 0.000000 -1.000000 -0.000000
v 0.000000 -1.000000 -0.000000
v 0.000000 -1.000000 -0.000000
v 0.000000 -1.000000 -0.000000
v 0.000000 -1.000000 -0.000000
v 0.000000 -1.000000 -0.000000
v 0.000000 -1.000000 -0.000000
v 0.000000 -1.000000 -0.000000
v 0.000000 -1.000000 -0.000000
v 0.000000 -1.000000 -0.000000
v 0.000000 -1.000000 -0.000000
vt 0.000000 1.000000
vt 0.020833 1.000000
vt 0.041667 1.000000
vt 0.062500 1.000000
vt 0.083333 1.000000
vt 0.104167 1.000000
vt 0.125000 1.000000
vt 0.145833 1.000000
vt 0.166667 1.000000
vt 0.187500 1.000000
vt 0.208333 1.000000
vt 0.229167 1.000000
vt 0.250000 1.000000
vt 0.270833 1.000000
vt 0.291667 1.000000
vt 0.312500 1.000000
vt 0.333333 1.000000
vt 0.354167 1.000000
vt 0.375000 1.000000
vt 0.395833 1.000000
vt 0.416667 1.000000
vt 0.437500 1.000000
vt 0.458333 1.000000
vt 0.479167 1.000000
vt 0.500000 1.000000
vt 0.520833 1.000000
vt 0.541667 1.000000
vt 0.562500 1.000000
vt 0.583333 1.000000
vt 0.604167 1.000000
vt 0.625000 1.000000
vt 0.645833 1.000000
vt 0.666667 1.000000
vt 0.687500 1.000000
vt 0.708333 1.000000
vt 0.729167 1.000000
vt 0.750000 1.000000
vt 0.770833 1.000000
vt 0.791667 1.000000
vt 0.812500 1.000000
vt 0.833333 1.000000
vt 0.854167 1.000000
vt 0.875000 1.000000
vt 0.895833 1.000000
vt 0.916667 1.000000
vt 0.937500 1.000000
vt 0.958333 1.000000
vt 0.979167 1.000000
vt 1.000000 1.000000
vt 0.000000 0.968750
vt 0.020833 0.968750
vt 0.041667 0.968750
vt 0.062500 0.968750
vt 0.083333 0.968750
vt 0.104167 0.968750
vt 0.125000 0.968750
vt 0.145833 0.968750
vt 0.166667 0.968750
vt 0.187500 0.968750
vt 0.208333 0.968750
vt 0.229167 0.968750
vt 0.250000 0.968750
vt 0.270833 0.968750
vt 0.291667 0.968750
vt 0.312500 0.968750
vt 0.333333 0.968750
vt 0.354167 0.968750
vt 0.375000 0.968750
vt 0.395833 0.968750
vt 0.416667 0.968750
vt 0.437500 0.968750
vt 0.458333 0.968750
vt 0.479167 0.968750
vt 0.500000 0.968750
vt 0.520833 0.968750
vt 0.541667 0.968750
vt 0.562500 0.968750
vt 0.583333 0.968750
vt 0.604167 0.968750
vt 0.625000 0.968750
vt 0.645833 0.968750
vt 0.666667 0.968750
vt 0.687500 0.968750
vt 0.708333 0.968750
vt 0.729167 0.968750
vt 0.750000 0.968750
vt 0.770833 0.968750
vt 0.791667 0.968750
vt 0.812500 0.968750
vt 0.833333 0.968750
vt 0.854167 0.968750
vt 0.875000 0.968750
vt 0.895833 0.968750
vt 0.916667 0.968750
vt 0.937500 0.968750
vt 0.958333 0.968750
vt 0.979167 0.968750
vt 1.000000 0.968750
vt 0.000000 0.937500
vt 0.020833 0.937500
vt 0.041667 0.937500
vt 0.062500 0.937500
vt 0.083333 0.937500
vt 0.104167 0.937500
vt 0.125000 0.937500
vt 0.145833 0.937500
vt 0.166667 0.937500
vt 0.187500 0.937500
vt 0.208333 0.937500
vt 0.229167 0.937500
vt 0.250000 0.937500
vt 0.270833 0.937500
vt 0.291667 0.937500
vt 0.312500 0.937500
vt 0.333333 0.937500
vt 0.354167 0.937500
vt 0.375000 0.937500
vt 0.395833 0.937500
vt 0.416667 0.937500
vt 0.437500 0.937500
vt 0.458333 0.937500
vt 0.479167 0.937500
vt 0.500000 0.937500
vt 0.520833 0.937500
vt 0.541667 0.937500
vt 0.562500 0.937500
vt 0.583333 0.937500
vt 0.604167 0.937500
vt 0.625000 0.937500
vt 0.645833 0.937500
vt 0.666667 0.937500
vt 0.687500 0.937500
vt 0.708333 0.937500
vt 0.729167 0.937500
vt 0.750000 0.937500
vt 0.770833 0.937500
vt 0.791667 0.937500
vt 0.812500 0.937500
vt 0.833333 0.937500
vt 0.854167 0.937500
vt 0.875000 0.937500
vt 0.895833 0.937500
vt 0.916667 0.937500
vt 0.937500 0.937500
vt 0.958333 0.937500
vt 0.979167 0.937500
vt 1.000000 0.937500
vt 0.000000 0.906250
vt 0.020833 0.906250
vt 0.041667 0.906250
vt 0.062500 0.906250
vt 0.083333 0.906250
vt 0.104167 0.906250
vt 0.125000 0.906250
vt 0.145833 0.906250
vt 0.166667 0.906250
vt 0.187500 0.906250
vt 0.208333 0.906250
vt 0.229167 0.906250
vt 0.250000 0.906250
vt 0.270833 0.906250
vt 0.291667 0.906250
vt 0.312500 0.906250
vt 0.333333 0.906250
vt 0.354167 0.906250
vt 0.375000 0.906250
vt 0.395833 0.906250
vt 0.416667 0.906250
vt 0.437500 0.906250
vt 0.458333 0.906250
vt 0.479167 0.906250
vt 0.500000 0.906250
vt 0.520833 0.906250
vt 0.541667 0.906250
vt 0.562500 0.906250
vt 0.583333 0.906250
vt 0.604167 0.906250
vt 0.625000 0.906250
vt 0.645833 0.906250
vt 0.666667 0.906250
vt 0.687500 0.906250
vt 0.708333 0.906250
vt 0.729167 0.906250
vt 0.750000 0.906250
vt 0.770833 0.906250
vt 0.791667 0.906250
vt 0.812500 0.906250
vt 0.833333 0.906250
vt 0.854167 0.906250
vt 0.875000 0.906250
vt 0.895833 0.906250
vt 0.916667 0.906250
vt 0.937500 0.906250
vt 0.958333 0.906250
vt 0.979167 0.906250
vt 1.000000 0.906250
vt 0.000000 0.875000
vt 0.020833 0.875000
vt 0.041667 0.875000
vt 0.062500 0.875000
vt 0.083333 0.875000
vt 0.104167 0.875000
vt 0.125000 0.875000
vt 0.145833 0.875000
vt 0.166667 0.875000
vt 0.187500 0.875000
vt 0.208333 0.875000
vt 0.229167 0.875000
vt 0.250000 0.875000
vt 0.270833 0.875000
vt 0.291667 0.875000
vt 0.312500 0.875000
vt 0.333333 0.875000
vt 0.354167 0.875000
vt 0.375000 0.875000
vt 0.395833 0.875000
vt 0.416667 0.875000
vt 0.437500 0.875000
vt 0.458333 0.875000
vt 0.479167 0.875000
vt 0.500000 0.875000
vt 0.520833 0.875000
vt 0.541667 0.875000
vt 0.562500 0.875000
vt 0.583333 0.875000
vt 0.604167 0.875000
vt 0.625000 0.875000
vt 0.645833 0.875000
vt 0.666667 0.875000
vt 0.687500 0.875000
vt 0.708333 0.875000
vt 0.729167 0.875000
vt 0.750000 0.875000
vt 0.770833 0.875000
vt 0.791667 0.875000
vt 0.812500 0.875000
vt 0.833333 0.875000
vt 0.854167 0.875000
vt 0.875000 0.875000
vt 0.895833 0.875000
vt 0.916667 0.875000
vt 0.937500 0.875000
vt 0.958333 0.875000
vt 0.979167 0.875000
vt 1.000000 0.875000
vt 0.000000 0.843750
vt 0.020833 0.843750
vt 0.041667 0.843750
vt 0.062500 0.843750
vt 0.083333 0.843750
vt 0.104167 0.843750
vt 0.125000 0.843750
vt 0.145833 0.843750
vt 0.166667 0.843750
vt 0.187500 0.843750
vt 0.208333 0.843750
vt 0.229167 0.843750
vt 0.250000 0.843750
vt 0.270833 0.843750
vt 0.291667 0.843750
vt 0.312500 0.843750
vt 0.333333 0.843750
vt 0.354167 0.843750
vt 0.375000 0.843750
vt 0.395833 0.843750
vt 0.416667 0.843750
vt 0.437500 0.843750
vt 0.458333 0.843750
vt 0.479167 0.843750
vt 0.500000 0.843750
vt 0.520833 0.843750
vt 0.541667 0.843750
vt 0.562500 0.843750
vt 0.583333 0.843750
vt 0.604167 0.843750
vt 0.625000 0.843750
vt 0.645833 0.843750
vt 0.666667 0.843750
vt 0.687500 0.843750
vt 0.708333 0.843750
vt 0.729167 0.843750
vt 0.750000 0.843750
vt 0.770833 0.843750
vt 0.791667 0.843750
vt 0.812500 0.843750
vt 0.833333 0.843750
vt 0.854167 0.843750
vt 0.875000 0.843750
vt 0.895833 0.843750
vt 0.916667 0.843750
vt 0.937500 0.843750
vt 0.958333 0.843750
vt 0.979167 0.843750
vt 1.000000 0.843750
vt 0.000000 0.812500
vt 0.020833 0.812500
vt 0.041667 0.812500
vt 0.062500 0.812500
vt 0.083333 0.812500
vt 0.104167 0.812500
vt 0.125000 0.812500
vt 0.145833 0.812500
vt 0.166667 0.812500
vt 0.187500 0.812500
vt 0.208333 0.812500
vt 0.229167 0.812500
vt 0.250000 0.812500
vt 0.270833 0.812500
vt 0.291667 0.812500
vt 0.312500 0.812500
vt 0.333333 0.812500
vt 0.354167 0.812500
vt 0.375000 0.812500
vt 0.395833 0.812500
vt 0.416667 0.812500
vt 0.437500 0.812500
vt 0.458333 0.812500
vt 0.479167 0.812500
vt 0.500000 0.812500
vt 0.520833 0.812500
vt 0.541667 0.812500
vt 0.562500 0.812500
vt 0.583333 0.812500
vt 0.604167 0.812500
vt 0.625000 0.812500
vt 0.645833 0.812500
vt 0.666667 0.812500
vt 0.687500 0.812500
vt 0.708333 0.812500
vt 0.729167 0.812500
vt 0.750000 0.812500
vt 0.770833 0.812500
vt 0.791667 0.812500
vt 0.812500 0.812500
vt 0.833333 0.812500
vt 0.854167 0.812500
vt 0.875000 0.812500
vt 0.895833 0.812500
vt 0.916667 0.812500
vt 0.937500 0.812500
vt 0.958333 0.812500
vt 0.979167 0.812500
vt 1.000000 0.812500
vt 0.000000 0.781250
vt 0.020833 0.781250
vt 0.041667 0.781250
vt 0.062500 0.781250
vt 0.083333 0.781250
vt 0.104167 0.781250
vt 0.125000 0.781250
vt 0.145833 0.781250
vt 0.166667 0.781250
vt 0.187500 0.781250
vt 0.208333 0.781250
vt 0.229167 0.781250
vt 0.250000 0.781250
vt 0.270833 0.781250
vt 0.291667 0.781250
vt 0.312500 0.781250
vt 0.333333 0.781250
vt 0.354167 0.781250
vt 0.375000 0.781250
vt 0.395833 0.781250
vt 0.416667 0.781250
vt 0.437500 0.781250
vt 0.458333 0.781250
vt 0.479167 0.781250
vt 0.500000 0.781250
vt 0.520833 0.781250
vt 0.541667 0.781250
vt 0.562500 0.781250
vt 0.583333 0.781250
vt 0.604167 0.781250
vt 0.625000 0.781250
vt 0.645833 0.781250
vt 0.666667 0.781250
vt 0.687500 0.781250
vt 0.708333 0.781250
vt 0.729167 0.781250
vt 0.750000 0.781250
vt 0.770833 0.781250
vt 0.791667 0.781250
vt 0.812500 0.781250
vt 0.833333 0.781250
vt 0.854167 0.781250
vt 0.875000 0.781250
vt 0.895833 0.781250
vt 0.916667 0.781250
vt 0.937500 0.781250
vt 0.958333 0.781250
vt 0.979167 0.781250
vt 1.000000 0.781250
vt 0.000000 0.750000
vt 0.020833 0.750000
vt 0.041667 0.750000
vt 0.062500 0.750000
vt 0.083333 0.750000
vt 0.104167 0.750000
vt 0.125000 0.750000
vt 0.145833 0.750000
vt 0.166667 0.750000
vt 0.187500 0.750000
vt 0.208333 0.750000
vt 0.229167 0.750000
vt 0.250000 0.750000
vt 0.270833 0.750000
vt 0.291667 0.750000
vt 0.312500 0.750000
vt 0.333333 0.750000
vt 0.354167 0.750000
vt 0.375000 0.750000
vt 0.395833 0.750000
vt 0.416667 0.750000
vt 0.437500 0.750000
vt 0.458333 0.750000
vt 0.479167 0.750000
vt 0.500000 0.750000
vt 0.520833 0.750000
vt 0.541667 0.750000
vt 0.562500 0.750000
vt 0.583333 0.750000
vt 0.604167 0.750000
vt 0.625000 0.750000
vt 0.645833 0.750000
vt 0.666667 0.750000
vt 0.687500 0.750000
vt 0.708333 0.750000
vt 0.729167 0.750000
vt 0.750000 0.750000
vt 0.770833 0.750000
vt 0.791667 0.750000
vt 0.812500 0.750000
vt 0.833333 0.750000
vt 0.854167 0.750000
vt 0.875000 0.750000
vt 0.895833 0.750000
vt 0.916667 0.750000
vt 0.937500 0.750000
vt 0.958333 0.750000
vt 0.979167 0.750000
vt 1.000000 0.750000
vt 0.000000 0.718750
vt 0.020833 0.718750
vt 0.041667 0.718750
vt 0.062500 0.718750
vt 0.083333 0.718750
vt 0.104167 0.718750
vt 0.125000 0.718750
vt 0.145833 0.718750
vt 0.166667 0.718750
vt 0.187500 0.718750
vt 0.208333 0.718750
vt 0.229167 0.718750
vt 0.250000 0.718750
vt 0.270833 0.718750
vt 0.291667 0.718750
vt 0.312500 0.718750
vt 0.333333 0.718750
vt 0.354167 0.718750
vt 0.375000 0.718750
vt 0.395833 0.718750
vt 0.416667 0.718750
vt 0.437500 0.718750
vt 0.458333 0.718750
vt 0.479167 0.718750
vt 0.500000 0.718750
vt 0.520833 0.718750
vt 0.541667 0.718750
vt 0.562500 0.718750
vt 0.583333 0.718750
vt 0.604167 0.718750
vt 0.625000 0.718750
vt 0.645833 0.718750
vt 0.666667 0.718750
vt 0.687500 0.718750
vt 0.708333 0.718750
vt 0.729167 0.718750
vt 0.750000 0.718750
vt 0.770833 0.718750
vt 0.791667 0.718750
vt 0.812500 0.718750
vt 0.833333 0.718750
vt 0.854167 0.718750
vt 0.875000 0.718750
vt 0.895833 0.718750
vt 0.916667 0.718750
vt 0.937500 0.718750
vt 0.958333 0.718750
vt 0.979167 0.718750
vt 1.000000 0.718750
vt 0.000000 0.687500
vt 0.020833 0.687500
vt 0.041667 0.687500
vt 0.062500 0.687500
vt 0.083333 0.687500
vt 0.104167 0.687500
vt 0.125000 0.687500
vt 0.145833 0.687500
vt 0.166667 0.687500
vt 0.187500 0.687500
vt 0.208333 0.687500
vt 0.229167 0.687500
vt 0.250000 0.687500
vt 0.270833 0.687500
vt 0.291667 0.687500
vt 0.312500 0.687500
vt 0.333333 0.687500
vt 0.354167 0.687500
vt 0.375000 0.687500
vt 0.395833 0.687500
vt 0.416667 0.687500
vt 0.437500 0.687500
vt 0.458333 0.687500
vt 0.479167 0.687500
vt 0.500000 0.687500
vt 0.520833 0.687500
vt 0.541667 0.687500
vt 0.562500 0.687500
vt 0.583333 0.687500
vt 0.604167 0.687500
vt 0.625000 0.687500
vt 0.645833 0.687500
vt 0.666667 0.687500
vt 0.687500 0.687500
vt 0.708333 0.687500
vt 0.729167 0.687500
vt 0.750000 0.687500
vt 0.770833 0.687500
vt 0.791667 0.687500
vt 0.812500 0.687500
vt 0.833333 0.687500
vt 0.854167 0.687500
vt 0.875000 0.687500
vt 0.895833 0.687500
vt 0.916667 0.687500
vt 0.937500 0.687500
vt 0.958333 0.687500
vt 0.979167 0.687500
vt 1.000000 0.687500
vt 0.000000 0.656250
vt 0.020833 0.656250
vt 0.041667 0.656250
vt 0.062500 0.656250
vt 0.083333 0.656250
vt 0.104167 0.656250
vt 0.125000 0.656250
vt 0.145833 0.656250
vt 0.166667 0.656250
vt 0.187500 0.656250
vt 0.208333 0.656250
vt 0.229167 0.656250
vt 0.250000 0.656250
vt 0.270833 0.656250
vt 0.291667 0.656250
vt 0.312500 0.656250
vt 0.333333 0.656250
vt 0.354167 0.656250
vt 0.375000 0.656250
vt 0.395833 0.656250
vt 0.416667 0.656250
vt 0.437500 0.656250
vt 0.458333 0.656250
vt 0.479167 0.656250
vt 0.500000 0.656250
vt 0.520833 0.656250
vt 0.541667 0.656250
vt 0.562500 0.656250
vt 0.583333 0.656250
vt 0.604167 0.656250
vt 0.625000 0.656250
vt 0.645833 0.656250
vt 0.666667 0.656250
vt 0.687500 0.656250
vt 0.708333 0.656250
vt 0.729167 0.656250
vt 0.750000 0.656250
vt 0.770833 0.656250
vt 0.791667 0.656250
vt 0.812500 0.656250
vt 0.833333 0.656250
vt 0.854167 0.656250
vt 0.875000 0.656250
vt 0.895833 0.656250
vt 0.916667 0.656250
vt 0.937500 0.656250
vt 0.958333 0.656250
vt 0.979167 0.656250
vt 1.000000 0.656250
vt 0.000000 0.625000
vt 0.020833 0.625000
vt 0.041667 0.625000
vt 0.062500 0.625000
vt 0.083333 0.625000
vt 0.104167 0.625000
vt 0.125000 0.625000
vt 0.145833 0.625000
vt 0.166667 0.625000
vt 0.187500 0.625000
vt 0.208333 0.625000
vt 0.229167 0.625000
vt 0.250000 0.625000
vt 0.270833 0.625000
vt 0.291667 0.625000
vt 0.312500 0.625000
vt 0.333333 0.625000
vt 0.354167 0.625000
vt 0.375000 0.625000
vt 0.395833 0.625000
vt 0.416667 0.625000
vt 0.437500 0.625000
vt 0.458333 0.625000
vt 0.479167 0.625000
vt 0.500000 0.625000
vt 0.520833 0.625000
vt 0.541667 0.625000
vt 0.562500 0.625000
vt 0.583333 0.625000
vt 0.604167 0.625000
vt 0.625000 0.625000
vt 0.645833 0.625000
vt 0.666667 0.625000
vt 0.687500 0.625000
vt 0.708333 0.625000
vt 0.729167 0.625000
vt 0.750000 0.625000
vt 0.770833 0.625000
vt 0.791667 0.625000
vt 0.812500 0.625000
vt 0.833333 0.625000
vt 0.854167 0.625000
vt 0.875000 0.625000
vt 0.895833 0.625000
vt 0.916667 0.625000
vt 0.937500 0.625000
vt 0.958333 0.625000
vt 0.979167 0.625000
vt 1.000000 0.625000
vt 0.000000 0.593750
vt 0.020833 0.593750
vt 0.041667 0.593750
vt 0.062500 0.593750
vt 0.083333 0.593750
vt 0.104167 0.593750
vt 0.125000 0.593750
vt 0.145833 0.593750
vt 0.166667 0.593750
vt 0.187500 0.593750
vt 0.208333 0.593750
vt 0.229167 0.593750
vt 0.250000 0.593750
vt 0.270833 0.593750
vt 0.291667 0.593750
vt 0.312500 0.593750
vt 0.333333 0.593750
vt 0.354167 0.593750
vt 0.375000 0.593750
vt 0.395833 0.593750
vt 0.416667 0.593750
vt 0.437500 0.593750
vt 0.458333 0.593750
vt 0.479167 0.593750
vt 0.500000 0.593750
vt 0.520833 0.593750
vt 0.541667 0.593750
vt 0.562500 0.593750
vt 0.583333 0.593750
vt 0.604167 0.593750
vt 0.625000 0.593750
vt 0.645833 0.593750
vt 0.666667 0.593750
vt 0.687500 0.593750
vt 0.708333 0.593750
vt 0.729167 0.593750
vt 0.750000 0.593750
vt 0.770833 0.593750
vt 0.791667 0.593750
vt 0.812500 0.593750
vt 0.833333 0.593750
vt 0.854167 0.593750
vt 0.875000 0.593750
vt 0.895833 0.593750
vt 0.916667 0.593750
vt 0.937500 0.593750
vt 0.958333 0.593750
vt 0.979167 0.593750
vt 1.000000 0.593750
vt 0.000000 0.562500
vt 0.020833 0.562500
vt 0.041667 0.562500
vt 0.062500 0.562500
vt 0.083333 0.562500
vt 0.104167 0.562500
vt 0.125000 0.562500
vt 0.145833 0.562500
vt 0.166667 0.562500
vt 0.187500 0.562500
vt 0.208333 0.562500
vt 0.229167 0.562500
vt 0.250000 0.562500
vt 0.270833 0.562500
vt 0.291667 0.562500
vt 0.312500 0.562500
vt 0.333333 0.562500
vt 0.354167 0.562500
vt 0.375000 0.562500
vt 0.395833 0.562500
vt 0.416667 0.562500
vt 0.437500 0.562500
vt 0.458333 0.562500
vt 0.479167 0.562500
vt 0.500000 0.562500
vt 0.520833 0.562500
vt 0.541667 0.562500
vt 0.562500 0.562500
vt 0.583333 0.562500
vt 0.604167 0.562500
vt 0.625000 0.562500
vt 0.645833 0.562500
vt 0.666667 0.562500
vt 0.687500 0.562500
vt 0.708333 0.562500
vt 0.729167 0.562500
vt 0.750000 0.562500
vt 0.770833 0.562500
vt 0.791667 0.562500
vt 0.812500 0.562500
vt 0.833333 0.562500
vt 0.854167 0.562500
vt 0.875000 0.562500
vt 0.895833 0.562500
vt 0.916667 0.562500
vt 0.937500 0.562500
vt 0.958333 0.562500
vt 0.979167 0.562500
vt 1.000000 0.562500
vt 0.000000 0.531250
vt 0.020833 0.531250
vt 0.041667 0.531250
vt 0.062500 0.531250
vt 0.083333 0.531250
vt 0.104167 0.531250
vt 0.125000 0.531250
vt 0.145833 0.531250
vt 0.166667 0.531250
vt 0.187500 0.531250
vt 0.208333 0.531250
vt 0.229167 0.531250
vt 0.250000 0.531250
vt 0.270833 0.531250
vt 0.291667 0.531250
vt 0.312500 0.531250
vt 0.333333 0.531250
vt 0.354167 0.531250
vt 0.375000 0.531250
vt 0.395833 0.531250
vt 0.416667 0.531250
vt 0.437500 0.531250
vt 0.458333 0.531250
vt 0.479167 0.531250
vt 0.500000 0.531250
vt 0.520833 0.531250
vt 0.541667 0.531250
vt 0.562500 0.531250
vt 0.583333 0.531250
vt 0.604167 0.531250
vt 0.625000 0.531250
vt 0.645833 0.531250
vt 0.666667 0.531250
vt 0.687500 0.531250
vt 0.708333 0.531250
vt 0.729167 0.531250
vt 0.750000 0.531250
vt 0.770833 0.531250
vt 0.791667 0.531250
vt 0.812500 0.531250
vt 0.833333 0.531250
vt 0.854167 0.531250
vt 0.875000 0.531250
vt 0.895833 0.531250
vt 0.916667 0.531250
vt 0.937500 0.531250
vt 0.958333 0.531250
vt 0.979167 0.531250
vt 1.000000 0.531250
vt 0.000000 0.500000
vt 0.020833 0.500000
vt 0.041667 0.500000
vt 0.062500 0.500000
vt 0.083333 0.500000
vt 0.104167 0.500000
vt 0.125000 0.500000
vt 0.145833 0.500000
vt 0.166667 0.500000
vt 0.187500 0.500000
vt 0.208333 0.500000
vt 0.229167 0.500000
vt 0.250000 0.500000
vt 0.270833 0.500000
vt 0.291667 0.500000
vt 0.312500 0.500000
vt 0.333333 0.500000
vt 0.354167 0.500000
vt 0.375000 0.500000
vt 0.395833 0.500000
vt 0.416667 0.500000
vt 0.437500 0.500000
vt 0.458333 0.500000
vt 0.479167 0.500000
vt 0.500000 0.500000
vt 0.520833 0.500000
vt 0.541667 0.500000
vt 0.562500 0.500000
vt 0.583333 0.500000
vt 0.604167 0.500000
vt 0.625000 0.500000
vt 0.645833 0.500000
vt 0.666667 0.500000
vt 0.687500 0.500000
vt 0.708333 0.500000
vt 0.729167 0.500000
vt 0.750000 0.500000
vt 0.770833 0.500000
vt 0.791667 0.500000
vt 0.812500 0.500000
vt 0.833333 0.500000
vt 0.854167 0.500000
vt 0.875000 0.500000
vt 0.895833 0.500000
vt 0.916667 0.500000
vt 0.937500 0.500000
vt 0.958333 0.500000
vt 0.979167 0.500000
vt 1.000000 0.500000
vt 0.000000 0.468750
vt 0.020833 0.468750
vt 0.041667 0.468750
vt 0.062500 0.468750
vt 0.083333 0.468750
vt 0.104167 0.468750
vt 0.125000 0.468750
vt 0.145833 0.468750
vt 0.166667 0.468750
vt 0.187500 0.468750
vt 0.208333 0.468750
vt 0.229167 0.468750
vt 0.250000 0.468750
vt 0.270833 0.468750
vt 0.291667 0.468750
vt 0.312500 0.468750
vt 0.333333 0.468750
vt 0.354167 0.468750
vt 0.375000 0.468750
vt 0.395833 0.468750
vt 0.416667 0.468750
vt 0.437500 0.468750
vt 0.458333 0.468750
vt 0.479167 0.468750
vt 0.500000 0.468750
vt 0.520833 0.468750
vt 0.541667 0.468750
vt 0.562500 0.468750
vt 0.583333 0.468750
vt 0.604167 0.468750
vt 0.625000 0.468750
vt 0.645833 0.468750
vt 0.666667 0.468750
vt 0.687500 0.468750
vt 0.708333 0.468750
vt 0.729167 0.468750
vt 0.750000 0.468750
vt 0.770833 0.468750
vt 0.791667 0.468750
vt 0.812500 0.468750
vt 0.833333 0.468750
vt 0.854167 0.468750
vt 0.875000 0.468750
vt 0.895833 0.468750
vt 0.916667 0.468750
vt 0.937500 0.468750
vt 0.958333 0.468750
vt 0.979167 0.468750
vt 1.000000 0.468750
vt 0.000000 0.437500
vt 0.020833 0.437500
vt 0.041667 0.437500
vt 0.062500 0.437500
vt 0.083333 0.437500
vt 0.104167 0.437500
vt 0.125000 0.437500
vt 0.145833 0.437500
vt 0.166667 0.437500
vt 0.187500 0.437500
vt 0.208333 0.437500
vt 0.229167 0.437500
vt 0.250000 0.437500
vt 0.270833 0.437500
vt 0.291667 0.437500
vt 0.312500 0.437500
vt 0.333333 0.437500
vt 0.354167 0.437500
vt 0.375000 0.437500
vt 0.395833 0.437500
vt 0.416667 0.437500
vt 0.437500 0.437500
vt 0.458333 0.437500
vt 0.479167 0.437500
vt 0.500000 0.437500
vt 0.520833 0.437500
vt 0.541667 0.437500
vt 0.562500 0.437500
vt 0.583333 0.437500
vt 0.604167 0.437500
vt 0.625000 0.437500
vt 0.645833 0.437500
vt 0.666667 0.437500
vt 0.687500 0.437500
vt 0.708333 0.437500
vt 0.729167 0.437500
vt 0.750000 0.437500
vt 0.770833 0.437500
vt 0.791667 0.437500
vt 0.812500 0.437500
vt 0.833333 0.437500
vt 0.854167 0.437500
vt 0.875000 0.437500
vt 0.895833 0.437500
vt 0.916667 0.437500
vt 0.937500 0.437500
vt 0.958333 0.437500
vt 0.979167 0.437500
vt 1.000000 0.437500
vt 0.000000 0.406250
vt 0.020833 0.406250
vt 0.041667 0.406250
vt 0.062500 0.406250
vt 0.083333 0.406250
vt 0.104167 0.406250
vt 0.125000 0.406250
vt 0.145833 0.406250
vt 0.166667 0.406250
vt 0.187500 0.406250
vt 0.208333 0.406250
vt 0.229167 0.406250
vt 0.250000 0.406250
vt 0.270833 0.406250
vt 0.291667 0.406250
vt 0.312500 0.406250
vt 0.333333 0.406250
vt 0.354167 0.406250
vt 0.375000 0.406250
vt 0.395833 0.406250
vt 0.416667 0.406250
vt 0.437500 0.406250
vt 0.458333 0.406250
vt 0.479167 0.406250
vt 0.500000 0.406250
vt 0.520833 0.406250
vt 0.541667 0.406250
vt 0.562500 0.406250
vt 0.583333 0.406250
vt 0.604167 0.406250
vt 0.625000 0.406250
vt 0.645833 0.406250
vt 0.666667 0.406250
vt 0.687500 0.406250
vt 0.708333 0.406250
vt 0.729167 0.406250
vt 0.750000 0.406250
vt 0.770833 0.406250
vt 0.791667 0.406250
vt 0.812500 0.406250
vt 0.833333 0.406250
vt 0.854167 0.406250
vt 0.875000 0.406250
vt 0.895833 0.406250
vt 0.916667 0.406250
vt 0.937500 0.406250
vt 0.958333 0.406250
vt 0.979167 0.406250
vt 1.000000 0.406250
vt 0.000000 0.375000
vt 0.020833 0.375000
vt 0.041667 0.375000
vt 0.062500 0.375000
vt 0.083333 0.375000
vt 0.104167 0.375000
vt 0.125000 0.375000
vt 0.145833 0.375000
vt 0.166667 0.375000
vt 0.187500 0.375000
vt 0.208333 0.375000
vt 0.229167 0.375000
vt 0.250000 0.375000
vt 0.270833 0.375000
vt 0.291667 0.375000
vt 0.312500 0.375000
vt 0.333333 0.375000
vt 0.354167 0.375000
vt 0.375000 0.375000
vt 0.395833 0.375000
vt 0.416667 0.375000
vt 0.437500 0.375000
vt 0.458333 0.375000
vt 0.479167 0.375000
vt 0.500000 0.375000
vt 0.520833 0.375000
vt 0.541667 0.375000
vt 0.562500 0.375000
vt 0.583333 0.375000
vt 0.604167 0.375000
vt 0.625000 0.375000
vt 0.645833 0.375000
vt 0.666667 0.375000
vt 0.687500 0.375000
vt 0.708333 0.375000
vt 0.729167 0.375000
vt 0.750000 0.375000
vt 0.770833 0.375000
vt 0.791667 0.375000
vt 0.812500 0.375000
vt 0.833333 0.375000
vt 0.854167 0.375000
vt 0.875000 0.375000
vt 0.895833 0.375000
vt 0.916667 0.375000
vt 0.937500 0.375000
vt 0.958333 0.375000
vt 0.979167 0.375000
vt 1.000000 0.375000
vt 0.000000 0.343750
vt 0.020833 0.343750
vt 0.041667 0.343750
vt 0.062500 0.343750
vt 0.083333 0.343750
vt 0.104167 0.343750
vt 0.125000 0.343750
vt 0.145833 0.343750
vt 0.166667 0.343750
vt 0.187500 0.343750
vt 0.208333 0.343750
vt 0.229167 0.343750
vt 0.250000 0.343750
vt 0.270833 0.343750
vt 0.291667 0.343750
vt 0.312500 0.343750
vt 0.333333 0.343750
vt 0.354167 0.343750
vt 0.375000 0.343750
vt 0.395833 0.343750
vt 0.416667 0.343750
vt 0.437500 0.343750
vt 0.458333 0.343750
vt 0.479167 0.343750
vt 0.500000 0.343750
vt 0.520833 0.343750
vt 0.541667 0.343750
vt 0.562500 0.343750
vt 0.583333 0.343750
vt 0.604167 0.343750
vt 0.625000 0.343750
vt 0.645833 0.343750
vt 0.666667 0.343750
vt 0.687500 0.343750
vt 0.708333 0.343750
vt 0.729167 0.343750
vt 0.750000 0.343750
vt 0.770833 0.343750
vt 0.791667 0.343750
vt 0.812500 0.343750
vt 0.833333 0.343750
vt 0.854167 0.343750
vt 0.875000 0.343750
vt 0.895833 0.343750
vt 0.916667 0.343750
vt 0.937500 0.343750
vt 0.958333 0.343750
vt 0.979167 0.343750
vt 1.000000 0.343750
vt 0.000000 0.312500
vt 0.020833 0.312500
vt 0.041667 0.312500
vt 0.062500 0.312500
vt 0.083333 0.312500
vt 0.104167 0.312500
vt 0.125000 0.312500
vt 0.145833 0.312500
vt 0.166667 0.312500
vt 0.187500 0.312500
vt 0.208333 0.312500
vt 0.229167 0.312500
vt 0.250000 0.312500
vt 0.270833 0.312500
vt 0.291667 0.312500
vt 0.312500 0.312500
vt 0.333333 0.312500
vt 0.354167 0.312500
vt 0.375000 0.312500
vt 0.395833 0.312500
vt 0.416667 0.312500
vt 0.437500 0.312500
vt 0.458333 0.312500
vt 0.479167 0.312500
vt 0.500000 0.312500
vt 0.520833 0.312500
vt 0.541667 0.312500
vt 0.562500 0.312500
vt 0.583333 0.312500
vt 0.604167 0.312500
vt 0.625000 0.312500
vt 0.645833 0.312500
vt 0.666667 0.312500
vt 0.687500 0.312500
vt 0.708333 0.312500
vt 0.729167 0.312500
vt 0.750000 0.312500
vt 0.770833 0.312500
vt 0.791667 0.312500
vt 0.812500 0.312500
vt 0.833333 0.312500
vt 0.854167 0.312500
vt 0.875000 0.312500
vt 0.895833 0.312500
vt 0.916667 0.312500
vt 0.937500 0.312500
vt 0.958333 0.312500
vt 0.979167 0.312500
vt 1.000000 0.312500
vt 0.000000 0.281250
vt 0.020833 0.281250
vt 0.041667 0.281250
vt 0.062500 0.281250
vt 0.083333 0.281250
vt 0.104167 0.281250
vt 0.125000 0.281250
vt 0.145833 0.281250
vt 0.166667 0.281250
vt 0.187500 0.281250
vt 0.208333 0.281250
vt 0.229167 0.281250
vt 0.250000 0.281250
vt 0.270833 0.281250
vt 0.291667 0.281250
vt 0.312500 0.281250
vt 0.333333 0.281250
vt 0.354167 0.281250
vt 0.375000 0.281250
vt 0.395833 0.281250
vt 0.416667 0.281250
vt 0.437500 0.281250
vt 0.458333 0.281250
vt 0.479167 0.281250
vt 0.500000 0.281250
vt 0.520833 0.281250
vt 0.541667 0.281250
vt 0.562500 0.281250
vt 0.583333 0.281250
vt 0.604167 0.281250
vt 0.625000 0.281250
vt 0.645833 0.281250
vt 0.666667 0.281250
vt 0.687500 0.281250
vt 0.708333 0.281250
vt 0.729167 0.281250
vt 0.750000 0.281250
vt 0.770833 0.281250
vt 0.791667 0.281250
vt 0.812500 0.281250
vt 0.833333 0.281250
vt 0.854167 0.281250
vt 0.875000 0.281250
vt 0.895833 0.281250
vt 0.916667 0.281250
vt 0.937500 0.281250
vt 0.958333 0.281250
vt 0.979167 0.281250
vt 1.000000 0.281250
vt 0.000000 0.250000
vt 0.020833 0.250000
vt 0.041667 0.250000
vt 0.062500 0.250000
vt 0.083333 0.250000
vt 0.104167 0.250000
vt 0.125000 0.250000
vt 0.145833 0.250000
vt 0.166667 0.250000
vt 0.187500 0.250000
vt 0.208333 0.250000
vt 0.229167 0.250000
vt 0.250000 0.250000
vt 0.270833 0.250000
vt 0.291667 0.250000
vt 0.312500 0.250000
vt 0.333333 0.250000
vt 0.354167 0.250000
vt 0.375000 0.250000
vt 0.395833 0.250000
vt 0.416667 0.250000
vt 0.437500 0.250000
vt 0.458333 0.250000
vt 0.479167 0.250000
vt 0.500000 0.250000
vt 0.520833 0.250000
vt 0.541667 0.250000
vt 0.562500 0.250000
vt 0.583333 0.250000
vt 0.604167 0.250000
vt 0.625000 0.250000
vt 0.645833 0.250000
vt 0.666667 0.250000
vt 0.687500 0.250000
vt 0.708333 0.250000
vt 0.729167 0.250000
vt 0.750000 0.250000
vt 0.770833 0.250000
vt 0.791667 0.250000
vt 0.812500 0.250000
vt 0.833333 0.250000
vt 0.854167 0.250000
vt 0.875000 0.250000
vt 0.895833 0.250000
vt 0.916667 0.250000
vt 0.937500 0.250000
vt 0.958333 0.250000
vt 0.979167 0.250000
vt 1.000000 0.250000
vt 0.000000 0.218750
vt 0.020833 0.218750
vt 0.041667 0.218750
vt 0.062500 0.218750
vt 0.083333 0.218750
vt 0.104167 0.218750
vt 0.125000 0.218750
vt 0.145833 0.218750
vt 0.166667 0.218750
vt 0.187500 0.218750
vt 0.208333 0.218750
vt 0.229167 0.218750
vt 0.250000 0.218750
vt 0.270833 0.218750
vt 0.291667 0.218750
vt 0.312500 0.218750
vt 0.333333 0.218750
vt 0.354167 0.218750
vt 0.375000 0.218750
vt 0.395833 0.218750
vt 0.416667 0.218750
vt 0.437500 0.218750
vt 0.458333 0.218750
vt 0.479167 0.218750
vt 0.500000 0.218750
vt 0.520833 0.218750
vt 0.541667 0.218750
vt 0.562500 0.218750
vt 0.583333 0.218750
vt 0.604167 0.218750
vt 0.625000 0.218750
vt 0.645833 0.218750
vt 0.666667 0.218750
vt 0.687500 0.218750
vt 0.708333 0.218750
vt 0.729167 0.218750
vt 0.750000 0.218750
vt 0.770833 0.218750
vt 0.791667 0.218750
vt 0.812500 0.218750
vt 0.833333 0.218750
vt 0.854167 0.218750
vt 0.875000 0.218750
vt 0.895833 0.218750
vt 0.916667 0.218750
vt 0.937500 0.218750
vt 0.958333 0.218750
vt 0.979167 0.218750
vt 1.000000 0.218750
vt 0.000000 0.187500
vt 0.020833 0.187500
vt 0.041667 0.187500
vt 0.062500 0.187500
vt 0.083333 0.187500
vt 0.104167 0.187500
vt 0.125000 0.187500
vt 0.145833 0.187500
vt 0.166667 0.187500
vt 0.187500 0.187500
vt 0.208333 0.187500
vt 0.229167 0.187500
vt 0.250000 0.187500
vt 0.270833 0.187500
vt 0.291667 0.187500
vt 0.312500 0.187500
vt 0.333333 0.187500
vt 0.354167 0.187500
vt 0.375000 0.187500
vt 0.395833 0.187500
vt 0.416667 0.187500
vt 0.437500 0.187500
vt 0.458333 0.187500
vt 0.479167 0.187500
vt 0.500000 0.187500
vt 0.520833 0.187500
vt 0.541667 0.187500
vt 0.562500 0.187500
vt 0.583333 0.187500
vt 0.604167 0.187500
vt 0.625000 0.187500
vt 0.645833 0.187500
vt 0.666667 0.187500
vt 0.687500 0.187500
vt 0.708333 0.187500
vt 0.729167 0.187500
vt 0.750000 0.187500
vt 0.770833 0.187500
vt 0.791667 0.187500
vt 0.812500 0.187500
vt 0.833333 0.187500
vt 0.854167 0.187500
vt 0.875000 0.187500
vt 0.895833 0.187500
vt 0.916667 0.187500
vt 0.937500 0.187500
vt 0.958333 0.187500
vt 0.979167 0.187500
vt 1.000000 0.187500
vt 0.000000 0.156250
vt 0.020833 0.156250
vt 0.041667 0.156250
vt 0.062500 0.156250
vt 0.083333 0.156250
vt 0.104167 0.156250
vt 0.125000 0.156250
vt 0.145833 0.156250
vt 0.166667 0.156250
vt 0.187500 0.156250
vt 0.208333 0.156250
vt 0.229167 0.156250
vt 0.250000 0.156250
vt 0.270833 0.156250
vt 0.291667 0.156250
vt 0.312500 0.156250
vt 0.333333 0.156250
vt 0.354167 0.156250
vt 0.375000 0.156250
vt 0.395833 0.156250
vt 0.416667 0.156250
vt 0.437500 0.156250
vt 0.458333 0.156250
vt 0.479167 0.156250
vt 0.500000 0.156250
vt 0.520833 0.156250
vt 0.541667 0.156250
vt 0.562500 0.156250
vt 0.583333 0.156250
vt 0.604167 0.156250
vt 0.625000 0.156250
vt 0.645833 0.156250
vt 0.666667 0.156250
vt 0.687500 0.156250
vt 0.708333 0.156250
vt 0.729167 0.156250
vt 0.750000 0.156250
vt 0.770833 0.156250
vt 0.791667 0.156250
vt 0.812500 0.156250
vt 0.833333 0.156250
vt 0.854167 0.156250
vt 0.875000 0.156250
vt 0.895833 0.156250
vt 0.916667 0.156250
vt 0.937500 0.156250
vt 0.958333 0.156250
vt 0.979167 0.156250
vt 1.000000 0.156250
vt 0.000000 0.125000
vt 0.020833 0.125000
vt 0.041667 0.125000
vt 0.062500 0.125000
vt 0.083333 0.125000
vt 0.104167 0.125000
vt 0.125000 0.125000
vt 0.145833 0.125000
vt 0.166667 0.125000
vt 0.187500 0.125000
vt 0.208333 0.125000
vt 0.229167 0.125000
vt 0.250000 0.125000
vt 0.270833 0.125000
vt 0.291667 0.125000
vt 0.312500 0.125000
vt 0.333333 0.125000
vt 0.354167 0.125000
vt 0.375000 0.125000
vt 0.395833 0.125000
vt 0.416667 0.125000
vt 0.437500 0.125000
vt 0.458333 0.125000
vt 0.479167 0.125000
vt 0.500000 0.125000
vt 0.520833 0.125000
vt 0.541667 0.125000
vt 0.562500 0.125000
vt 0.583333 0.125000
vt 0.604167 0.125000
vt 0.625000 0.125000
vt 0.645833 0.125000
vt 0.666667 0.125000
vt 0.687500 0.125000
vt 0.708333 0.125000
vt 0.729167 0.125000
vt 0.750000 0.125000
vt 0.770833 0.125000
vt 0.791667 0.125000
vt 0.812500 0.125000
vt 0.833333 0.125000
vt 0.854167 0.125000
vt 0.875000 0.125000
vt 0.895833 0.125000
vt 0.916667 0.125000
vt 0.937500 0.125000
vt 0.958333 0.125000
vt 0.979167 0.125000
vt 1.000000 0.125000
vt 0.000000 0.093750
vt 0.020833 0.093750
vt 0.041667 0.093750
vt 0.062500 0.093750
vt 0.083333 0.093750
vt 0.104167 0.093750
vt 0.125000 0.093750
vt 0.145833 0.093750
vt 0.166667 0.093750
vt 0.187500 0.093750
vt 0.208333 0.093750
vt 0.229167 0.093750
vt 0.250000 0.093750
vt 0.270833 0.093750
vt 0.291667 0.093750
vt 0.312500 0.093750
vt 0.333333 0.093750
vt 0.354167 0.093750
vt 0.375000 0.093750
vt 0.395833 0.093750
vt 0.416667 0.093750
vt 0.437500 0.093750
vt 0.458333 0.093750
vt 0.479167 0.093750
vt 0.500000 0.093750
vt 0.520833 0.093750
vt 0.541667 0.093750
vt 0.562500 0.093750
vt 0.583333 0.093750
vt 0.604167 0.093750
vt 0.625000 0.093750
vt 0.645833 0.093750
vt 0.666667 0.093750
vt 0.687500 0.093750
vt 0.708333 0.093750
vt 0.729167 0.093750
vt 0.750000 0.093750
vt 0.770833 0.093750
vt 0.791667 0.093750
vt 0.812500 0.093750
vt 0.833333 0.093750
vt 0.854167 0.093750
vt 0.875000 0.093750
vt 0.895833 0.093750
vt 0.916667 0.093750
vt 0.937500 0.093750
vt 0.958333 0.093750
vt 0.979167 0.093750
vt 1.000000 0.093750
vt 0.000000 0.062500
vt 0.020833 0.062500
vt 0.041667 0.062500
vt 0.062500 0.062500
vt 0.083333 0.062500
vt 0.104167 0.062500
vt 0.125000 0.062500
vt 0.145833 0.062500
vt 0.166667 0.062500
vt 0.187500 0.062500
vt 0.208333 0.062500
vt 0.229167 0.062500
vt 0.250000 0.062500
vt 0.270833 0.062500
vt 0.291667 0.062500
vt 0.312500 0.062500
vt 0.333333 0.062500
vt 0.354167 0.062500
vt 0.375000 0.062500
vt 0.395833 0.062500
vt 0.416667 0.062500
vt 0.437500 0.062500
vt 0.458333 0.062500
vt 0.479167 0.062500
vt 0.500000 0.062500
vt 0.520833 0.062500
vt 0.541667 0.062500
vt 0.562500 0.062500
vt 0.583333 0.062500
vt 0.604167 0.062500
vt 0.625000 0.062500
vt 0.645833 0.062500
vt 0.666667 0.062500
vt 0.687500 0.062500
vt 0.708333 0.062500
vt 0.729167 0.062500
vt 0.750000 0.062500
vt 0.770833 0.062500
vt 0.791667 0.062500
vt 0.812500 0.062500
vt 0.833333 0.062500
vt 0.854167 0.062500
vt 0.875000 0.062500
vt 0.895833 0.062500
vt 0.916667 0.062500
vt 0.937500 0.062500
vt 0.958333 0.062500
vt 0.979167 0.062500
vt 1.000000 0.062500
vt 0.000000 0.031250
vt 0.020833 0.031250
vt 0.041667 0.031250
vt 0.062500 0.031250
vt 0.083333 0.031250
vt 0.104167 0.031250
vt 0.125000 0.031250
vt 0.145833 0.031250
vt 0.166667 0.031250
vt 0.187500 0.031250
vt 0.208333 0.031250
vt 0.229167 0.031250
vt 0.250000 0.031250
vt 0.270833 0.031250
vt 0.291667 0.031250
vt 0.312500 0.031250
vt 0.333333 0.031250
vt 0.354167 0.031250
vt 0.375000 0.031250
vt 0.395833 0.031250
vt 0.416667 0.031250
vt 0.437500 0.031250
vt 0.458333 0.031250
vt 0.479167 0.031250
vt 0.500000 0.031250
vt 0.520833 0.031250
vt 0.541667 0.031250
vt 0.562500 0.031250
vt 0.583333 0.031250
vt 0.604167 0.031250
vt 0.625000 0.031250
vt 0.645833 0.031250
vt 0.666667 0.031250
vt 0.687500 0.031250
vt 0.708333 0.031250
vt 0.729167 0.031250
vt 0.750000 0.031250
vt 0.770833 0.031250
vt 0.791667 0.031250
vt 0.812500 0.031250
vt 0.833333 0.031250
vt 0.854167 0.031250
vt 0.875000 0.031250
vt 0.895833 0.031250
vt 0.916667 0.031250
vt 0.937500 0.031250
vt 0.958333 0.031250
vt 0.979167 0.031250
vt 1.000000 0.031250
vt 0.000000 0.000000
vt 0.020833 0.000000
vt 0.041667 0.000000
vt 0.062500 0.000000
vt 0.083333 0.000000
vt 0.104167 0.000000
vt 0.125000 0.000000
vt 0.145833 0.000000
vt 0.166667 0.000000
vt 0.187500 0.000000
vt 0.208333 0.000000
vt 0.229167 0.000000
vt 0.250000 0.000000
vt 0.270833 0.000000
vt 0.291667 0.000000
vt 0.312500 0.000000
vt 0.333333 0.000000
vt 0.354167 0.000000
vt 0.375000 0.000000
vt 0.395833 0.000000
vt 0.416667 0.000000
vt 0.437500 0.000000
vt 0.458333 0.000000
vt 0.479167 0.000000
vt 0.500000 0.000000
vt 0.520833 0.000000
vt 0.541667 0.000000
vt 0.562500 0.000000
vt 0.583333 0.000000
vt 0.604167 0.000000
vt 0.625000 0.000000
vt 0.645833 0.000000
vt 0.666667 0.000000
vt 0.687500 0.000000
vt 0.708333 0.000000
vt 0.729167 0.000000
vt 0.750000 0.000000
vt 0.770833 0.000000
vt 0.791667 0.000000
vt 0.812500 0.000000
vt 0.833333 0.000000
vt 0.854167 0.000000
vt 0.875000 0.000000
vt 0.895833 0.000000
vt 0.916667 0.000000
vt 0.937500 0.000000
vt 0.958333 0.000000
vt 0.979167 0.000000
vt 1.000000 0.000000
vn 0.000000 1.000000 0.000000
vn 0.000000 1.000000 0.000000
vn 0.000000 1.000000 0.000000
vn 0.000000 1.000000 0.000000
vn 0.000000 1.000000 0.000000
vn 0.000000 1.000000 0.000000
vn 0.000000 1.000000 0.000000
vn 0.000000 1.000000 0.000000
vn 0.000000 1.000000 0.000000
vn 0.000000 1.000000 0.000000
vn 0.000000 1.000000 0.000000
vn 0.000000 1.000000 0.000000
vn 0.000000 1.000000 0.000000
vn -0.000000 1.000000 0.000000
vn -0.000000 1.000000 0.000000
vn -0.000000 1.000000 0.000000
vn -0.000000 1.000000 0.000000
vn -0.000000 1.000000 0.000000
vn -0.000000 1.000000 0.000000
vn -0.000000 1.000000 0.000000
vn -0.000000 1.000000 0.000000
vn -0.000000 1.000000 0.000000
vn -0.000000 1.000000 0.000000
vn -0.000000 1.000000 0.000000
vn -0.000000 1.000000 0.000000
vn -0.000000 1.000000 -0.000000
vn -0.000000 1.000000 -0.000000
vn -0.000000 1.000000 -0.000000
vn -0.000000 1.000000 -0.000000
vn -0.000000 1.000000 -0.000000
vn -0.000000 1.000000 -0.000000
vn -0.000000 1.000000 -0.000000
vn -0.000000 1.000000 -0.000000
vn -0.000000 1.000000 -0.000000
vn -0.000000 1.000000 -0.000000
vn -0.000000 1.000000 -0.000000
vn -0.000000 1.000000 -0.000000
vn 0.000000 1.000000 -0.000000
vn 0.000000 1.000000 -0.000000
vn 0.000000 1.000000 -0.000000
vn 0.000000 1.000000 -0.000000
vn 0.000000 1.000000 -0.000000
vn 0.000000 1.000000 -0.000000
vn 0.000000 1.000000 -0.000000
vn 0.000000 1.000000 -0.000000
vn 0.000000 1.000000 -0.000000
vn 0.000000 1.000000 -0.000000
vn 0.000000 1.000000 -0.000000
vn 0.000000 1.000000 -0.000000
vn 0.098017 0.995185 0.000000
vn 0.097179 0.995185 0.012794
vn 0.094677 0.995185 0.025369
vn 0.090556 0.995185 0.037510
vn 0.084885 0.995185 0.049009
vn 0.077762 0.995185 0.059669
vn 0.069309 0.995185 0.069309
vn 0.059669 0.995185 0.077762
vn 0.049009 0.995185 0.084885
vn 0.037510 0.995185 0.090556
vn 0.025369 0.995185 0.094677
vn 0.012794 0.995185 0.097179
vn 0.000000 0.995185 0.098017
vn -0.012794 0.995185 0.097179
vn -0.025369 0.995185 0.094677
vn -0.037510 0.995185 0.090556
vn -0.049009 0.995185 0.084885
vn -0.059669 0.995185 0.077762
vn -0.069309 0.995185 0.069309
vn -0.077762 0.995185 0.059669
vn -0.084885 0.995185 0.049009
vn -0.090556 0.995185 0.037510
vn -0.094677 0.995185 0.025369
vn -0.097179 0.995185 0.012794
vn -0.098017 0.995185 0.000000
vn -0.097179 0.995185 -0.012794
vn -0.094677 0.995185 -0.025369
vn -0.090556 0.995185 -0.037510
vn -0.084885 0.995185 -0.049009
vn -0.077762 0.995185 -0.059669
vn -0.069309 0.995185 -0.069309
vn -0.059669 0.995185 -0.077762
vn -0.049009 0.995185 -0.084885
vn -0.037510 0.995185 -0.090556
vn -0.025369 0.995185 -0.094677
vn -0.012794 0.995185 -0.097179
vn -0.000000 0.995185 -0.098017
vn 0.012794 0.995185 -0.097179
vn 0.025369 0.995185 -0.094677
vn 0.037510 0.995185 -0.090556
vn 0.049009 0.995185 -0.084885
vn 0.059669 0.995185 -0.077762
vn 0.069309 0.995185 -0.069309
vn 0.077762 0.995185 -0.059669
vn 0.084885 0.995185 -0.049009
vn 0.090556 0.995185 -0.037510
vn 0.094677 0.995185 -0.025369
vn 0.097179 0.995185 -0.012794
vn 0.098017 0.995185 -0.000000
vn 0.195090 0.980785 0.000000
vn 0.193421 0.980785 0.025464
vn 0.188443 0.980785 0.050493
vn 0.180240 0.980785 0.074658
vn 0.168953 0.980785 0.097545
vn 0.154776 0.980785 0.118763
vn 0.137950 0.980785 0.137950
vn 0.118763 0.980785 0.154776
vn 0.097545 0.980785 0.168953
vn 0.074658 0.980785 0.180240
vn 0.050493 0.980785 0.188443
vn 0.025464 0.980785 0.193421
vn 0.000000 0.980785 0.195090
vn -0.025464 0.980785 0.193421
vn -0.050493 0.980785 0.188443
vn -0.074658 0.980785 0.180240
vn -0.097545 0.980785 0.168953
vn -0.118763 0.980785 0.154776
vn -0.137950 0.980785 0.137950
vn -0.154776 0.980785 0.118763
vn -0.168953 0.980785 0.097545
vn -0.180240 0.980785 0.074658
vn -0.188443 0.980785 0.050493
vn -0.193421 0.980785 0.025464
vn -0.195090 0.980785 0.000000
vn -0.193421 0.980785 -0.025464
vn -0.188443 0.980785 -0.050493
vn -0.180240 0.980785 -0.074658
vn -0.168953 0.980785 -0.097545
vn -0.154776 0.980785 -0.118763
vn -0.137950 0.980785 -0.137950
vn -0.118763 0.980785 -0.154776
vn -0.097545 0.980785 -0.168953
vn -0.074658 0.980785 -0.180240
vn -0.050493 0.980785 -0.188443
vn -0.025464 0.980785 -0.193421
vn -0.000000 0.980785 -0.195090
vn 0.025464 0.980785 -0.193421
vn 0.050493 0.980785 -0.188443
vn 0.074658 0.980785 -0.180240
vn 0.097545 0.980785 -0.168953
vn 0.118763 0.980785 -0.154776
vn 0.137950 0.980785 -0.137950
vn 0.154776 0.980785 -0.118763
vn 0.168953 0.980785 -0.097545
vn 0.180240 0.980785 -0.074658
vn 0.188443 0.980785 -0.050493
vn 0.193421 0.980785 -0.025464
vn 0.195090 0.980785 -0.000000
vn 0.290285 0.956940 0.000000
vn 0.287801 0.956940 0.037890
vn 0.280393 0.956940 0.075131
vn 0.268188 0.956940 0.111087
vn 0.251394 0.956940 0.145142
vn 0.230298 0.956940 0.176714
vn 0.205262 0.956940 0.205262
vn 0.176714 0.956940 0.230298
vn 0.145142 0.956940 0.251394
vn 0.111087 0.956940 0.268188
vn 0.075131 0.956940 0.280393
vn 0.037890 0.956940 0.287801
vn 0.000000 0.956940 0.290285
vn -0.037890 0.956940 0.287801
vn -0.075131 0.956940 0.280393
vn -0.111087 0.956940 0.268188
vn -0.145142 0.956940 0.251394
vn -0.176714 0.956940 0.230298
vn -0.205262 0.956940 0.205262
vn -0.230298 0.956940 0.176714
vn -0.251394 0.956940 0.145142
vn -0.268188 0.956940 0.111087
vn -0.280393 0.956940 0.075131
vn -0.287801 0.956940 0.037890
vn -0.290285 0.956940 0.000000
vn -0.287801 0.956940 -0.037890
vn -0.280393 0.956940 -0.075131
vn -0.268188 0.956940 -0.111087
vn -0.251394 0.956940 -0.145142
vn -0.230298 0.956940 -0.176714
vn -0.205262 0.956940 -0.205262
vn -0.176714 0.956940 -0.230298
vn -0.145142 0.956940 -0.251394
vn -0.111087 0.956940 -0.268188
vn -0.075131 0.956940 -0.280393
vn -0.037890 0.956940 -0.287801
vn -0.000000 0.956940 -0.290285
vn 0.037890 0.956940 -0.287801
vn 0.075131 0.956940 -0.280393
vn 0.111087 0.956940 -0.268188
vn 0.145142 0.956940 -0.251394
vn 0.176714 0.956940 -0.230298
vn 0.205262 0.956940 -0.205262
vn 0.230298 0.956940 -0.176714
vn 0.251394 0.956940 -0.145142
vn 0.268188 0.956940 -0.111087
vn 0.280393 0.956940 -0.075131
vn 0.287801 0.956940 -0.037890
vn 0.290285 0.956940 -0.000000
vn 0.382683 0.923880 0.000000
vn 0.379410 0.923880 0.049950
vn 0.369644 0.923880 0.099046
vn 0.353553 0.923880 0.146447
vn 0.331414 0.923880 0.191342
vn 0.303603 0.923880 0.232963
vn 0.270598 0.923880 0.270598
vn 0.232963 0.923880 0.303603
vn 0.191342 0.923880 0.331414
vn 0.146447 0.923880 0.353553
vn 0.099046 0.923880 0.369644
vn 0.049950 0.923880 0.379410
vn 0.000000 0.923880 0.382683
vn -0.049950 0.923880 0.379410
vn -0.099046 0.923880 0.369644
vn -0.146447 0.923880 0.353553
vn -0.191342 0.923880 0.331414
vn -0.232963 0.923880 0.303603
vn -0.270598 0.923880 0.270598
vn -0.303603 0.923880 0.232963
vn -0.331414 0.923880 0.191342
vn -0.353553 0.923880 0.146447
vn -0.369644 0.923880 0.099046
vn -0.379410 0.923880 0.049950
vn -0.382683 0.923880 0.000000
vn -0.379410 0.923880 -0.049950
vn -0.369644 0.923880 -0.099046
vn -0.353553 0.923880 -0.146447
vn -0.331414 0.923880 -0.191342
vn -0.303603 0.923880 -0.232963
vn -0.270598 0.923880 -0.270598
vn -0.232963 0.923880 -0.303603
vn -0.191342 0.923880 -0.331414
vn -0.146447 0.923880 -0.353553
vn -0.099046 0.923880 -0.369644
vn -0.049950 0.923880 -0.379410
vn -0.000000 0.923880 -0.382683
vn 0.049950 0.923880 -0.379410
vn 0.099046 0.923880 -0.369644
vn 0.146447 0.923880 -0.353553
vn 0.191342 0.923880 -0.331414
vn 0.232963 0.923880 -0.303603
vn 0.270598 0.923880 -0.270598
vn 0.303603 0.923880 -0.232963
vn 0.331414 0.923880 -0.191342
vn 0.353553 0.923880 -0.146447
vn 0.369644 0.923880 -0.099046
vn 0.379410 0.923880 -0.049950
vn 0.382683 0.923880 -0.000000
vn 0.471397 0.881921 0.000000
vn 0.467364 0.881921 0.061530
vn 0.455334 0.881921 0.122006
vn 0.435514 0.881921 0.180396
vn 0.408242 0.881921 0.235698
vn 0.373984 0.881921 0.286968
vn 0.333328 0.881921 0.333328
vn 0.286968 0.881921 0.373984
vn 0.235698 0.881921 0.408242
vn 0.180396 0.881921 0.435514
vn 0.122006 0.881921 0.455334
vn 0.061530 0.881921 0.467364
vn 0.000000 0.881921 0.471397
vn -0.061530 0.881921 0.467364
vn -0.122006 0.881921 0.455334
vn -0.180396 0.881921 0.435514
vn -0.235698 0.881921 0.408242
vn -0.286968 0.881921 0.373984
vn -0.333328 0.881921 0.333328
vn -0.373984 0.881921 0.286968
vn -0.408242 0.881921 0.235698
vn -0.435514 0.881921 0.180396
vn -0.455334 0.881921 0.122006
vn -0.467364 0.881921 0.061530
vn -0.471397 0.881921 0.000000
vn -0.467364 0.881921 -0.061530
vn -0.455334 0.881921 -0.122006
vn -0.435514 0.881921 -0.180396
vn -0.408242 0.881921 -0.235698
vn -0.373984 0.881921 -0.286968
vn -0.333328 0.881921 -0.333328
vn -0.286968 0.881921 -0.373984
vn -0.235698 0.881921 -0.408242
vn -0.180396 0.881921 -0.435514
vn -0.122006 0.881921 -0.455334
vn -0.061530 0.881921 -0.467364
vn -0.000000 0.881921 -0.471397
vn 0.061530 0.881921 -0.467364
vn 0.122006 0.881921 -0.455334
vn 0.180396 0.881921 -0.435514
vn 0.235698 0.881921 -0.408242
vn 0.286968 0.881921 -0.373984
vn 0.333328 0.881921 -0.333328
vn 0.373984 0.881921 -0.286968
vn 0.408242 0.881921 -0.235698
vn 0.435514 0.881921 -0.180396
vn 0.455334 0.881921 -0.122006
vn 0.467364 0.881921 -0.061530
vn 0.471397 0.881921 -0.000000
vn 0.555570 0.831470 0.000000
vn 0.550817 0.831470 0.072516
vn 0.536640 0.831470 0.143792
vn 0.513280 0.831470 0.212608
vn 0.481138 0.831470 0.277785
vn 0.440764 0.831470 0.338210
vn 0.392847 0.831470 0.392847
vn 0.338210 0.831470 0.440764
vn 0.277785 0.831470 0.481138
vn 0.212608 0.831470 0.513280
vn 0.143792 0.831470 0.536640
vn 0.072516 0.831470 0.550817
vn 0.000000 0.831470 0.555570
vn -0.072516 0.831470 0.550817
vn -0.143792 0.831470 0.536640
vn -0.212608 0.831470 0.513280
vn -0.277785 0.831470 0.481138
vn -0.338210 0.831470 0.440764
vn -0.392847 0.831470 0.392847
vn -0.440764 0.831470 0.338210
vn -0.481138 0.831470 0.277785
vn -0.513280 0.831470 0.212608
vn -0.536640 0.831470 0.143792
vn -0.550817 0.831470 0.072516
vn -0.555570 0.831470 0.000000
vn -0.550817 0.831470 -0.072516
vn -0.536640 0.831470 -0.143792
vn -0.513280 0.831470 -0.212608
vn -0.481138 0.831470 -0.277785
vn -0.440764 0.831470 -0.338210
vn -0.392847 0.831470 -0.392847
vn -0.338210 0.831470 -0.440764
vn -0.277785 0.831470 -0.481138
vn -0.212608 0.831470 -0.513280
vn -0.143792 0.831470 -0.536640
vn -0.072516 0.831470 -0.550817
vn -0.000000 0.831470 -0.555570
vn 0.072516 0.831470 -0.550817
vn 0.143792 0.831470 -0.536640
vn 0.212608 0.831470 -0.513280
vn 0.277785 0.831470 -0.481138
vn 0.338210 0.831470 -0.440764
vn 0.392847 0.831470 -0.392847
vn 0.440764 0.831470 -0.338210
vn 0.481138 0.831470 -0.277785
vn 0.513280 0.831470 -0.212608
vn 0.536640 0.831470 -0.143792
vn 0.550817 0.831470 -0.072516
vn 0.555570 0.831470 -0.000000
vn 0.634393 0.773010 0.000000
vn 0.628966 0.773010 0.082805
vn 0.612777 0.773010 0.164193
vn 0.586103 0.773010 0.242772
vn 0.549401 0.773010 0.317197
vn 0.503298 0.773010 0.386194
vn 0.448584 0.773010 0.448584
vn 0.386194 0.773010 0.503298
vn 0.317197 0.773010 0.549401
vn 0.242772 0.773010 0.586103
vn 0.164193 0.773010 0.612777
vn 0.082805 0.773010 0.628966
vn 0.000000 0.773010 0.634393
vn -0.082805 0.773010 0.628966
vn -0.164193 0.773010 0.612777
vn -0.242772 0.773010 0.586103
vn -0.317197 0.773010 0.549401
vn -0.386194 0.773010 0.503298
vn -0.448584 0.773010 0.448584
vn -0.503298 0.773010 0.386194
vn -0.549401 0.773010 0.317197
vn -0.586103 0.773010 0.242772
vn -0.612777 0.773010 0.164193
vn -0.628966 0.773010 0.082805
vn -0.634393 0.773010 0.000000
vn -0.628966 0.773010 -0.082805
vn -0.612777 0.773010 -0.164193
vn -0.586103 0.773010 -0.242772
vn -0.549401 0.773010 -0.317197
vn -0.503298 0.773010 -0.386194
vn -0.448584 0.773010 -0.448584
vn -0.386194 0.773010 -0.503298
vn -0.317197 0.773010 -0.549401
vn -0.242772 0.773010 -0.586103
vn -0.164193 0.773010 -0.612777
vn -0.082805 0.773010 -0.628966
vn -0.000000 0.773010 -0.634393
vn 0.082805 0.773010 -0.628966
vn 0.164193 0.773010 -0.612777
vn 0.242772 0.773010 -0.586103
vn 0.317197 0.773010 -0.549401
vn 0.386194 0.773010 -0.503298
vn 0.448584 0.773010 -0.448584
vn 0.503298 0.773010 -0.386194
vn 0.549401 0.773010 -0.317197
vn 0.586103 0.773010 -0.242772
vn 0.612777 0.773010 -0.164193
vn 0.628966 0.773010 -0.082805
vn 0.634393 0.773010 -0.000000
vn 0.707107 0.707107 0.000000
vn 0.701057 0.707107 0.092296
vn 0.683013 0.707107 0.183013
vn 0.653281 0.707107 0.270598
vn 0.612372 0.707107 0.353553
vn 0.560986 0.707107 0.430459
vn 0.500000 0.707107 0.500000
vn 0.430459 0.707107 0.560986
vn 0.353553 0.707107 0.612372
vn 0.270598 0.707107 0.653281
vn 0.183013 0.707107 0.683013
vn 0.092296 0.707107 0.701057
vn 0.000000 0.707107 0.707107
vn -0.092296 0.707107 0.701057
vn -0.183013 0.707107 0.683013
vn -0.270598 0.707107 0.653281
vn -0.353553 0.707107 0.612372
vn -0.430459 0.707107 0.560986
vn -0.500000 0.707107 0.500000
vn -0.560986 0.707107 0.430459
vn -0.612372 0.707107 0.353553
vn -0.653281 0.707107 0.270598
vn -0.683013 0.707107 0.183013
vn -0.701057 0.707107 0.092296
vn -0.707107 0.707107 0.000000
vn -0.701057 0.707107 -0.092296
vn -0.683013 0.707107 -0.183013
vn -0.653281 0.707107 -0.270598
vn -0.612372 0.707107 -0.353553
vn -0.560986 0.707107 -0.430459
vn -0.500000 0.707107 -0.500000
vn -0.430459 0.707107 -0.560986
vn -0.353553 0.707107 -0.612372
vn -0.270598 0.707107 -0.653281
vn -0.183013 0.707107 -0.683013
vn -0.092296 0.707107 -0.701057
vn -0.000000 0.707107 -0.707107
vn 0.092296 0.707107 -0.701057
vn 0.183013 0.707107 -0.683013
vn 0.270598 0.707107 -0.653281
vn 0.353553 0.707107 -0.612372
vn 0.430459 0.707107 -0.560986
vn 0.500000 0.707107 -0.500000
vn 0.560986 0.707107 -0.430459
vn 0.612372 0.707107 -0.353553
vn 0.653281 0.707107 -0.270598
vn 0.683013 0.707107 -0.183013
vn 0.701057 0.707107 -0.092296
vn 0.707107 0.707107 -0.000000
vn 0.773010 0.634393 0.000000
vn 0.766397 0.634393 0.100898
vn 0.746671 0.634393 0.200070
vn 0.714169 0.634393 0.295818
vn 0.669447 0.634393 0.386505
vn 0.613270 0.634393 0.470579
vn 0.546601 0.634393 0.546601
vn 0.470579 0.634393 0.613270
vn 0.386505 0.634393 0.669447
vn 0.295818 0.634393 0.714169
vn 0.200070 0.634393 0.746671
vn 0.100898 0.634393 0.766397
vn 0.000000 0.634393 0.773010
vn -0.100898 0.634393 0.766397
vn -0.200070 0.634393 0.746671
vn -0.295818 0.634393 0.714169
vn -0.386505 0.634393 0.669447
vn -0.470579 0.634393 0.613270
vn -0.546601 0.634393 0.546601
vn -0.613270 0.634393 0.470579
vn -0.669447 0.634393 0.386505
vn -0.714169 0.634393 0.295818
vn -0.746671 0.634393 0.200070
vn -0.766397 0.634393 0.100898
vn -0.773010 0.634393 0.000000
vn -0.766397 0.634393 -0.100898
vn -0.746671 0.634393 -0.200070
vn -0.714169 0.634393 -0.295818
vn -0.669447 0.634393 -0.386505
vn -0.613270 0.634393 -0.470579
vn -0.546601 0.634393 -0.546601
vn -0.470579 0.634393 -0.613270
vn -0.386505 0.634393 -0.669447
vn -0.295818 0.634393 -0.714169
vn -0.200070 0.634393 -0.746671
vn -0.100898 0.634393 -0.766397
vn -0.000000 0.634393 -0.773010
vn 0.100898 0.634393 -0.766397
vn 0.200070 0.634393 -0.746671
vn 0.295818 0.634393 -0.714169
vn 0.386505 0.634393 -0.669447
vn 0.470579 0.634393 -0.613270
vn 0.546601 0.634393 -0.546601
vn 0.613270 0.634393 -0.470579
vn 0.669447 0.634393 -0.386505
vn 0.714169 0.634393 -0.295818
vn 0.746671 0.634393 -0.200070
vn 0.766397 0.634393 -0.100898
vn 0.773010 0.634393 -0.000000
vn 0.831470 0.555570 0.000000
vn 0.824356 0.555570 0.108529
vn 0.803138 0.555570 0.215200
vn 0.768178 0.555570 0.318190
vn 0.720074 0.555570 0.415735
vn 0.659649 0.555570 0.506167
vn 0.587938 0.555570 0.587938
vn 0.506167 0.555570 0.659649
vn 0.415735 0.555570 0.720074
vn 0.318190 0.555570 0.768178
vn 0.215200 0.555570 0.803138
vn 0.108529 0.555570 0.824356
vn 0.000000 0.555570 0.831470
vn -0.108529 0.555570 0.824356
vn -0.215200 0.555570 0.803138
vn -0.318190 0.555570 0.768178
vn -0.415735 0.555570 0.720074
vn -0.506167 0.555570 0.659649
vn -0.587938 0.555570 0.587938
vn -0.659649 0.555570 0.506167
vn -0.720074 0.555570 0.415735
vn -0.768178 0.555570 0.318190
vn -0.803138 0.555570 0.215200
vn -0.824356 0.555570 0.108529
vn -0.831470 0.555570 0.000000
vn -0.824356 0.555570 -0.108529
vn -0.803138 0.555570 -0.215200
vn -0.768178 0.555570 -0.318190
vn -0.720074 0.555570 -0.415735
vn -0.659649 0.555570 -0.506167
vn -0.587938 0.555570 -0.587938
vn -0.506167 0.555570 -0.659649
vn -0.415735 0.555570 -0.720074
vn -0.318190 0.555570 -0.768178
vn -0.215200 0.555570 -0.803138
vn -0.108529 0.555570 -0.824356
vn -0.000000 0.555570 -0.831470
vn 0.108529 0.555570 -0.824356
vn 0.215200 0.555570 -0.803138
vn 0.318190 0.555570 -0.768178
vn 0.415735 0.555570 -0.720074
vn 0.506167 0.555570 -0.659649
vn 0.587938 0.555570 -0.587938
vn 0.659649 0.555570 -0.506167
vn 0.720074 0.555570 -0.415735
vn 0.768178 0.555570 -0.318190
vn 0.803138 0.555570 -0.215200
vn 0.824356 0.555570 -0.108529
vn 0.831470 0.555570 -0.000000
vn 0.881921 0.471397 0.000000
vn 0.874376 0.471397 0.115114
vn 0.851871 0.471397 0.228258
vn 0.814789 0.471397 0.337497
vn 0.763766 0.471397 0.440961
vn 0.699675 0.471397 0.536880
vn 0.623613 0.471397 0.623613
vn 0.536880 0.471397 0.699675
vn 0.440961 0.471397 0.763766
vn 0.337497 0.471397 0.814789
vn 0.228258 0.471397 0.851871
vn 0.115114 0.471397 0.874376
vn 0.000000 0.471397 0.881921
vn -0.115114 0.471397 0.874376
vn -0.228258 0.471397 0.851871
vn -0.337497 0.471397 0.814789
vn -0.440961 0.471397 0.763766
vn -0.536880 0.471397 0.699675
vn -0.623613 0.471397 0.623613
vn -0.699675 0.471397 0.536880
vn -0.763766 0.471397 0.440961
vn -0.814789 0.471397 0.337497
vn -0.851871 0.471397 0.228258
vn -0.874376 0.471397 0.115114
vn -0.881921 0.471397 0.000000
vn -0.874376 0.471397 -0.115114
vn -0.851871 0.471397 -0.228258
vn -0.814789 0.471397 -0.337497
vn -0.763766 0.471397 -0.440961
vn -0.699675 0.471397 -0.536880
vn -0.623613 0.471397 -0.623613
vn -0.536880 0.471397 -0.699675
vn -0.440961 0.471397 -0.763766
vn -0.337497 0.471397 -0.814789
vn -0.228258 0.471397 -0.851871
vn -0.115114 0.471397 -0.874376
vn -0.000000 0.471397 -0.881921
vn 0.115114 0.471397 -0.874376
vn 0.228258 0.471397 -0.851871
vn 0.337497 0.471397 -0.814789
vn 0.440961 0.471397 -0.763766
vn 0.536880 0.471397 -0.699675
vn 0.623613 0.471397 -0.623613
vn 0.699675 0.471397 -0.536880
vn 0.763766 0.471397 -0.440961
vn 0.814789 0.471397 -0.337497
vn 0.851871 0.471397 -0.228258
vn 0.874376 0.471397 -0.115114
vn 0.881921 0.471397 -0.000000
vn 0.923880 0.382683 0.000000
vn 0.915976 0.382683 0.120590
vn 0.892399 0.382683 0.239118
vn 0.853553 0.382683 0.353553
vn 0.800103 0.382683 0.461940
vn 0.732963 0.382683 0.562422
vn 0.653281 0.382683 0.653281
vn 0.562422 0.382683 0.732963
vn 0.461940 0.382683 0.800103
vn 0.353553 0.382683 0.853553
vn 0.239118 0.382683 0.892399
vn 0.120590 0.382683 0.915976
vn 0.000000 0.382683 0.923880
vn -0.120590 0.382683 0.915976
vn -0.239118 0.382683 0.892399
vn -0.353553 0.382683 0.853553
vn -0.461940 0.382683 0.800103
vn -0.562422 0.382683 0.732963
vn -0.653281 0.382683 0.653281
vn -0.732963 0.382683 0.562422
vn -0.800103 0.382683 0.461940
vn -0.853553 0.382683 0.353553
vn -0.892399 0.382683 0.239118
vn -0.915976 0.382683 0.120590
vn -0.923880 0.382683 0.000000
vn -0.915976 0.382683 -0.120590
vn -0.892399 0.382683 -0.239118
vn -0.853553 0.382683 -0.353553
vn -0.800103 0.382683 -0.461940
vn -0.732963 0.382683 -0.562422
vn -0.653281 0.382683 -0.653281
vn -0.562422 0.382683 -0.732963
vn -0.461940 0.382683 -0.800103
vn -0.353553 0.382683 -0.853553
vn -0.239118 0.382683 -0.892399
vn -0.120590 0.382683 -0.915976
vn -0.000000 0.382683 -0.923880
vn 0.120590 0.382683 -0.915976
vn 0.239118 0.382683 -0.892399
vn 0.353553 0.382683 -0.853553
vn 0.461940 0.382683 -0.800103
vn 0.562422 0.382683 -0.732963
vn 0.653281 0.382683 -0.653281
vn 0.732963 0.382683 -0.562422
vn 0.800103 0.382683 -0.461940
vn 0.853553 0.382683 -0.353553
vn 0.892399 0.382683 -0.239118
vn 0.915976 0.382683 -0.120590
vn 0.923880 0.382683 -0.000000
vn 0.956940 0.290285 0.000000
vn 0.948754 0.290285 0.124906
vn 0.924333 0.290285 0.247674
vn 0.884098 0.290285 0.366205
vn 0.828735 0.290285 0.478470
vn 0.759192 0.290285 0.582548
vn 0.676659 0.290285 0.676659
vn 0.582548 0.290285 0.759192
vn 0.478470 0.290285 0.828735
vn 0.366205 0.290285 0.884098
vn 0.247674 0.290285 0.924333
vn 0.124906 0.290285 0.948754
vn 0.000000 0.290285 0.956940
vn -0.124906 0.290285 0.948754
vn -0.247674 0.290285 0.924333
vn -0.366205 0.290285 0.884098
vn -0.478470 0.290285 0.828735
vn -0.582548 0.290285 0.759192
vn -0.676659 0.290285 0.676659
vn -0.759192 0.290285 0.582548
vn -0.828735 0.290285 0.478470
vn -0.884098 0.290285 0.366205
vn -0.924333 0.290285 0.247674
vn -0.948754 0.290285 0.124906
vn -0.956940 0.290285 0.000000
vn -0.948754 0.290285 -0.124906
vn -0.924333 0.290285 -0.247674
vn -0.884098 0.290285 -0.366205
vn -0.828735 0.290285 -0.478470
vn -0.759192 0.290285 -0.582548
vn -0.676659 0.290285 -0.676659
vn -0.582548 0.290285 -0.759192
vn -0.478470 0.290285 -0.828735
vn -0.366205 0.290285 -0.884098
vn -0.247674 0.290285 -0.924333
vn -0.124906 0.290285 -0.948754
vn -0.000000 0.290285 -0.956940
vn 0.124906 0.290285 -0.948754
vn 0.247674 0.290285 -0.924333
vn 0.366205 0.290285 -0.884098
vn 0.478470 0.290285 -0.828735
vn 0.582548 0.290285 -0.759192
vn 0.676659 0.290285 -0.676659
vn 0.759192 0.290285 -0.582548
vn 0.828735 0.290285 -0.478470
vn 0.884098 0.290285 -0.366205
vn 0.924333 0.290285 -0.247674
vn 0.948754 0.290285 -0.124906
vn 0.956940 0.290285 -0.000000
vn 0.980785 0.195090 0.000000
vn 0.972395 0.195090 0.128018
vn 0.947366 0.195090 0.253846
vn 0.906127 0.195090 0.375330
vn 0.849385 0.195090 0.490393
vn 0.778109 0.195090 0.597064
vn 0.693520 0.195090 0.693520
vn 0.597064 0.195090 0.778109
vn 0.490393 0.195090 0.849385
vn 0.375330 0.195090 0.906127
vn 0.253846 0.195090 0.947366
vn 0.128018 0.195090 0.972395
vn 0.000000 0.195090 0.980785
vn -0.128018 0.195090 0.972395
vn -0.253846 0.195090 0.947366
vn -0.375330 0.195090 0.906127
vn -0.490393 0.195090 0.849385
vn -0.597064 0.195090 0.778109
vn -0.693520 0.195090 0.693520
vn -0.778109 0.195090 0.597064
vn -0.849385 0.195090 0.490393
vn -0.906127 0.195090 0.375330
vn -0.947366 0.195090 0.253846
vn -0.972395 0.195090 0.128018
vn -0.980785 0.195090 0.000000
vn -0.972395 0.195090 -0.128018
vn -0.947366 0.195090 -0.253846
vn -0.906127 0.195090 -0.375330
vn -0.849385 0.195090 -0.490393
vn -0.778109 0.195090 -0.597064
vn -0.693520 0.195090 -0.693520
vn -0.597064 0.195090 -0.778109
vn -0.490393 0.195090 -0.849385
vn -0.375330 0.195090 -0.906127
vn -0.253846 0.195090 -0.947366
vn -0.128018 0.195090 -0.972395
vn -0.000000 0.195090 -0.980785
vn 0.128018 0.195090 -0.972395
vn 0.253846 0.195090 -0.947366
vn 0.375330 0.195090 -0.906127
vn 0.490393 0.195090 -0.849385
vn 0.597064 0.195090 -0.778109
vn 0.693520 0.195090 -0.693520
vn 0.778109 0.195090 -0.597064
vn 0.849385 0.195090 -0.490393
vn 0.906127 0.195090 -0.375330
vn 0.947366 0.195090 -0.253846
vn 0.972395 0.195090 -0.128018
vn 0.980785 0.195090 -0.000000
vn 0.995185 0.098017 0.000000
vn 0.986671 0.098017 0.129898
vn 0.961275 0.098017 0.257573
vn 0.919431 0.098017 0.380841
vn 0.861855 0.098017 0.497592
vn 0.789533 0.098017 0.605830
vn 0.703702 0.098017 0.703702
vn 0.605830 0.098017 0.789533
vn 0.497592 0.098017 0.861855
vn 0.380841 0.098017 0.919431
vn 0.257573 0.098017 0.961275
vn 0.129898 0.098017 0.986671
vn 0.000000 0.098017 0.995185
vn -0.129898 0.098017 0.986671
vn -0.257573 0.098017 0.961275
vn -0.380841 0.098017 0.919431
vn -0.497592 0.098017 0.861855
vn -0.605830 0.098017 0.789533
vn -0.703702 0.098017 0.703702
vn -0.789533 0.098017 0.605830
vn -0.861855 0.098017 0.497592
vn -0.919431 0.098017 0.380841
vn -0.961275 0.098017 0.257573
vn -0.986671 0.098017 0.129898
vn -0.995185 0.098017 0.000000
vn -0.986671 0.098017 -0.129898
vn -0.961275 0.098017 -0.257573
vn -0.919431 0.098017 -0.380841
vn -0.861855 0.098017 -0.497592
vn -0.789533 0.098017 -0.605830
vn -0.703702 0.098017 -0.703702
vn -0.605830 0.098017 -0.789533
vn -0.497592 0.098017 -0.861855
vn -0.380841 0.098017 -0.919431
vn -0.257573 0.098017 -0.961275
vn -0.129898 0.098017 -0.986671
vn -0.000000 0.098017 -0.995185
vn 0.129898 0.098017 -0.986671
vn 0.257573 0.098017 -0.961275
vn 0.380841 0.098017 -0.919431
vn 0.497592 0.098017 -0.861855
vn 0.605830 0.098017 -0.789533
vn 0.703702 0.098017 -0.703702
vn 0.789533 0.098017 -0.605830
vn 0.861855 0.098017 -0.497592
vn 0.919431 0.098017 -0.380841
vn 0.961275 0.098017 -0.257573
vn 0.986671 0.098017 -0.129898
vn 0.995185 0.098017 -0.000000
vn 1.000000 0.000000 0.000000
vn 0.991445 0.000000 0.130526
vn 0.965926 0.000000 0.258819
vn 0.923880 0.000000 0.382683
vn 0.866025 0.000000 0.500000
vn 0.793353 0.000000 0.608761
vn 0.707107 0.000000 0.707107
vn 0.608761 0.000000 0.793353
vn 0.500000 0.000000 0.866025
vn 0.382683 0.000000 0.923880
vn 0.258819 0.000000 0.965926
vn 0.130526 0.000000 0.991445
vn 0.000000 0.000000 1.000000
vn -0.130526 0.000000 0.991445
vn -0.258819 0.000000 0.965926
vn -0.382683 0.000000 0.923880
vn -0.500000 0.000000 0.866025
vn -0.608761 0.000000 0.793353
vn -0.707107 0.000000 0.707107
vn -0.793353 0.000000 0.608761
vn -0.866025 0.000000 0.500000
vn -0.923880 0.000000 0.382683
vn -0.965926 0.000000 0.258819
vn -0.991445 0.000000 0.130526
vn -1.000000 0.000000 0.000000
vn -0.991445 0.000000 -0.130526
vn -0.965926 0.000000 -0.258819
vn -0.923880 0.000000 -0.382683
vn -0.866025 0.000000 -0.500000
vn -0.793353 0.000000 -0.608761
vn -0.707107 0.000000 -0.707107
vn -0.608761 0.000000 -0.793353
vn -0.500000 0.000000 -0.866025
vn -0.382683 0.000000 -0.923880
vn -0.258819 0.000000 -0.965926
vn -0.130526 0.000000 -0.991445
vn -0.000000 0.000000 -1.000000
vn 0.130526 0.000000 -0.991445
vn 0.258819 0.000000 -0.965926
vn 0.382683 0.000000 -0.923880
vn 0.500000 0.000000 -0.866025
vn 0.608761 0.000000 -0.793353
vn 0.707107 0.000000 -0.707107
vn 0.793353 0.000000 -0.608761
vn 0.866025 0.000000 -0.500000
vn 0.923880 0.000000 -0.382683
vn 0.965926 0.000000 -0.258819
vn 0.991445 0.000000 -0.130526
vn 1.000000 0.000000 -0.000000
vn 0.995185 -0.098017 0.000000
vn 0.986671 -0.098017 0.129898
vn 0.961275 -0.098017 0.257573
vn 0.919431 -0.098017 0.380841
vn 0.861855 -0.098017 0.497592
vn 0.789533 -0.098017 0.605830
vn 0.703702 -0.098017 0.703702
vn 0.605830 -0.098017 0.789533
vn 0.497592 -0.098017 0.861855
vn 0.380841 -0.098017 0.919431
vn 0.257573 -0.098017 0.961275
vn 0.129898 -0.098017 0.986671
vn 0.000000 -0.098017 0.995185
vn -0.129898 -0.098017 0.986671
vn -0.257573 -0.098017 0.961275
vn -0.380841 -0.098017 0.919431
vn -0.497592 -0.098017 0.861855
vn -0.605830 -0.098017 0.789533
vn -0.703702 -0.098017 0.703702
vn -0.789533 -0.098017 0.605830
vn -0.861855 -0.098017 0.497592
vn -0.919431 -0.098017 0.380841
vn -0.961275 -0.098017 0.257573
vn -0.986671 -0.098017 0.129898
vn -0.995185 -0.098017 0.000000
vn -0.986671 -0.098017 -0.129898
vn -0.961275 -0.098017 -0.257573
vn -0.919431 -0.098017 -0.380841
vn -0.861855 -0.098017 -0.497592
vn -0.789533 -0.098017 -0.605830
vn -0.703702 -0.098017 -0.703702
vn -0.605830 -0.098017 -0.789533
vn -0.497592 -0.098017 -0.861855
vn -0.380841 -0.098017 -0.919431
vn -0.257573 -0.098017 -0.961275
vn -0.129898 -0.098017 -0.986671
vn -0.000000 -0.098017 -0.995185
vn 0.129898 -0.098017 -0.986671
vn 0.257573 -0.098017 -0.961275
vn 0.380841 -0.098017 -0.919431
vn 0.497592 -0.098017 -0.861855
vn 0.605830 -0.098017 -0.789533
vn 0.703702 -0.098017 -0.703702
vn 0.789533 -0.098017 -0.605830
vn 0.861855 -0.098017 -0.497592
vn 0.919431 -0.098017 -0.380841
vn 0.961275 -0.098017 -0.257573
vn 0.986671 -0.098017 -0.129898
vn 0.995185 -0.098017 -0.000000
vn 0.980785 -0.195090 0.000000
vn 0.972395 -0.195090 0.128018
vn 0.947366 -0.195090 0.253846
vn 0.906127 -0.195090 0.375330
vn 0.849385 -0.195090 0.490393
vn 0.778109 -0.195090 0.597064
vn 0.693520 -0.195090 0.693520
vn 0.597064 -0.195090 0.778109
vn 0.490393 -0.195090 0.849385
vn 0.375330 -0.195090 0.906127
vn 0.253846 -0.195090 0.947366
vn 0.128018 -0.195090 0.972395
vn 0.000000 -0.195090 0.980785
vn -0.128018 -0.195090 0.972395
vn -0.253846 -0.195090 0.947366
vn -0.375330 -0.195090 0.906127
vn -0.490393 -0.195090 0.849385
vn -0.597064 -0.195090 0.778109
vn -0.693520 -0.195090 0.693520
vn -0.778109 -0.195090 0.597064
vn -0.849385 -0.195090 0.490393
vn -0.906127 -0.195090 0.375330
vn -0.947366 -0.195090 0.253846
vn -0.972395 -0.195090 0.128018
vn -0.980785 -0.195090 0.000000
vn -0.972395 -0.195090 -0.128018
vn -0.947366 -0.195090 -0.253846
vn -0.906127 -0.195090 -0.375330
vn -0.849385 -0.195090 -0.490393
vn -0.778109 -0.195090 -0.597064
vn -0.693520 -0.195090 -0.693520
vn -0.597064 -0.195090 -0.778109
vn -0.490393 -0.195090 -0.849385
vn -0.375330 -0.195090 -0.906127
vn -0.253846 -0.195090 -0.947366
vn -0.128018 -0.195090 -0.972395
vn -0.000000 -0.195090 -0.980785
vn 0.128018 -0.195090 -0.972395
vn 0.253846 -0.195090 -0.947366
vn 0.375330 -0.195090 -0.906127
vn 0.490393 -0.195090 -0.849385
vn 0.597064 -0.195090 -0.778109
vn 0.693520 -0.195090 -0.693520
vn 0.778109 -0.195090 -0.597064
vn 0.849385 -0.195090 -0.490393
vn 0.906127 -0.195090 -0.375330
vn 0.947366 -0.195090 -0.253846
vn 0.972395 -0.195090 -0.128018
vn 0.980785 -0.195090 -0.000000
vn 0.956940 -0.290285 0.000000
vn 0.948754 -0.290285 0.124906
vn 0.924333 -0.290285 0.247674
vn 0.884098 -0.290285 0.366205
vn 0.828735 -0.290285 0.478470
vn 0.759192 -0.290285 0.582548
vn 0.676659 -0.290285 0.676659
vn 0.582548 -0.290285 0.759192
vn 0.478470 -0.290285 0.828735
vn 0.366205 -0.290285 0.884098
vn 0.247674 -0.290285 0.924333
vn 0.124906 -0.290285 0.948754
vn 0.000000 -0.290285 0.956940
vn -0.124906 -0.290285 0.948754
vn -0.247674 -0.290285 0.924333
vn -0.366205 -0.290285 0.884098
vn -0.478470 -0.290285 0.828735
vn -0.582548 -0.290285 0.759192
vn -0.676659 -0.290285 0.676659
vn -0.759192 -0.290285 0.582548
vn -0.828735 -0.290285 0.478470
vn -0.884098 -0.290285 0.366205
vn -0.924333 -0.290285 0.247674
vn -0.948754 -0.290285 0.124906
vn -0.956940 -0.290285 0.000000
vn -0.948754 -0.290285 -0.124906
vn -0.924333 -0.290285 -0.247674
vn -0.884098 -0.290285 -0.366205
vn -0.828735 -0.290285 -0.478470
vn -0.759192 -0.290285 -0.582548
vn -0.676659 -0.290285 -0.676659
vn -0.582548 -0.290285 -0.759192
vn -0.478470 -0.290285 -0.828735
vn -0.366205 -0.290285 -0.884098
vn -0.247674 -0.290285 -0.924333
vn -0.124906 -0.290285 -0.948754
vn -0.000000 -0.290285 -0.956940
vn 0.124906 -0.290285 -0.948754
vn 0.247674 -0.290285 -0.924333
vn 0.366205 -0.290285 -0.884098
vn 0.478470 -0.290285 -0.828735
vn 0.582548 -0.290285 -0.759192
vn 0.676659 -0.290285 -0.676659
vn 0.759192 -0.290285 -0.582548
vn 0.828735 -0.290285 -0.478470
vn 0.884098 -0.290285 -0.366205
vn 0.924333 -0.290285 -0.247674
vn 0.948754 -0.290285 -0.124906
vn 0.956940 -0.290285 -0.000000
vn 0.923880 -0.382683 0.000000
vn 0.915976 -0.382683 0.120590
vn 0.892399 -0.382683 0.239118
vn 0.853553 -0.382683 0.353553
vn 0.800103 -0.382683 0.461940
vn 0.732963 -0.382683 0.562422
vn 0.653281 -0.382683 0.653281
vn 0.562422 -0.382683 0.732963
vn 0.461940 -0.382683 0.800103
vn 0.353553 -0.382683 0.853553
vn 0.239118 -0.382683 0.892399
vn 0.120590 -0.382683 0.915976
vn 0.000000 -0.382683 0.923880
vn -0.120590 -0.382683 0.915976
vn -0.239118 -0.382683 0.892399
vn -0.353553 -0.382683 0.853553
vn -0.461940 -0.382683 0.800103
vn -0.562422 -0.382683 0.732963
vn -0.653281 -0.382683 0.653281
vn -0.732963 -0.382683 0.562422
vn -0.800103 -0.382683 0.461940
vn -0.853553 -0.382683 0.353553
vn -0.892399 -0.382683 0.239118
vn -0.915976 -0.382683 0.120590
vn -0.923880 -0.382683 0.000000
vn -0.915976 -0.382683 -0.120590
vn -0.892399 -0.382683 -0.239118
vn -0.853553 -0.382683 -0.353553
vn -0.800103 -0.382683 -0.461940
vn -0.732963 -0.382683 -0.562422
vn -0.653281 -0.382683 -0.653281
vn -0.562422 -0.382683 -0.732963
vn -0.461940 -0.382683 -0.800103
vn -0.353553 -0.382683 -0.853553
vn -0.239118 -0.382683 -0.892399
vn -0.120590 -0.382683 -0.915976
vn -0.000000 -0.382683 -0.923880
vn 0.120590 -0.382683 -0.915976
vn 0.239118 -0.382683 -0.892399
vn 0.353553 -0.382683 -0.853553
vn 0.461940 -0.382683 -0.800103
vn 0.562422 -0.382683 -0.732963
vn 0.653281 -0.382683 -0.653281
vn 0.732963 -0.382683 -0.562422
vn 0.800103 -0.382683 -0.461940
vn 0.853553 -0.382683 -0.353553
vn 0.892399 -0.382683 -0.239118
vn 0.915976 -0.382683 -0.120590
vn 0.923880 -0.382683 -0.000000
vn 0.881921 -0.471397 0.000000
vn 0.874376 -0.471397 0.115114
vn 0.851871 -0.471397 0.228258
vn 0.814789 -0.471397 0.337497
vn 0.763766 -0.471397 0.440961
vn 0.699675 -0.471397 0.536880
vn 0.623613 -0.471397 0.623613
vn 0.536880 -0.471397 0.699675
vn 0.440961 -0.471397 0.763766
vn 0.337497 -0.471397 0.814789
vn 0.228258 -0.471397 0.851871
vn 0.115114 -0.471397 0.874376
vn 0.000000 -0.471397 0.881921
vn -0.115114 -0.471397 0.874376
vn -0.228258 -0.471397 0.851871
vn -0.337497 -0.471397 0.814789
vn -0.440961 -0.471397 0.763766
vn -0.536880 -0.471397 0.699675
vn -0.623613 -0.471397 0.623613
vn -0.699675 -0.471397 0.536880
vn -0.763766 -0.471397 0.440961
vn -0.814789 -0.471397 0.337497
vn -0.851871 -0.471397 0.228258
vn -0.874376 -0.471397 0.115114
vn -0.881921 -0.471397 0.000000
vn -0.874376 -0.471397 -0.115114
vn -0.851871 -0.471397 -0.228258
vn -0.814789 -0.471397 -0.337497
vn -0.763766 -0.471397 -0.440961
vn -0.699675 -0.471397 -0.536880
vn -0.623613 -0.471397 -0.623613
vn -0.536880 -0.471397 -0.699675
vn -0.440961 -0.471397 -0.763766
vn -0.337497 -0.471397 -0.814789
vn -0.228258 -0.471397 -0.851871
vn -0.115114 -0.471397 -0.874376
vn -0.000000 -0.471397 -0.881921
vn 0.115114 -0.471397 -0.874376
vn 0.228258 -0.471397 -0.851871
vn 0.337497 -0.471397 -0.814789
vn 0.440961 -0.471397 -0.763766
vn 0.536880 -0.471397 -0.699675
vn 0.623613 -0.471397 -0.623613
vn 0.699675 -0.471397 -0.536880
vn 0.763766 -0.471397 -0.440961
vn 0.814789 -0.471397 -0.337497
vn 0.851871 -0.471397 -0.228258
vn 0.874376 -0.471397 -0.115114
vn 0.881921 -0.471397 -0.000000
vn 0.831470 -0.555570 0.000000
vn 0.824356 -0.555570 0.108529
vn 0.803138 -0.555570 0.215200
vn 0.768178 -0.555570 0.318190
vn 0.720074 -0.555570 0.415735
vn 0.659649 -0.555570 0.506167
vn 0.587938 -0.555570 0.587938
vn 0.506167 -0.555570 0.659649
vn 0.415735 -0.555570 0.720074
vn 0.318190 -0.555570 0.768178
vn 0.215200 -0.555570 0.803138
vn 0.108529 -0.555570 0.824356
vn 0.000000 -0.555570 0.831470
vn -0.108529 -0.555570 0.824356
vn -0.215200 -0.555570 0.803138
vn -0.318190 -0.555570 0.768178
vn -0.415735 -0.555570 0.720074
vn -0.506167 -0.555570 0.659649
vn -0.587938 -0.555570 0.587938
vn -0.659649 -0.555570 0.506167
vn -0.720074 -0.555570 0.415735
vn -0.768178 -0.555570 0.318190
vn -0.803138 -0.555570 0.215200
vn -0.824356 -0.555570 0.108529
vn -0.831470 -0.555570 0.000000
vn -0.824356 -0.555570 -0.108529
vn -0.803138 -0.555570 -0.215200
vn -0.768178 -0.555570 -0.318190
vn -0.720074 -0.555570 -0.415735
vn -0.659649 -0.555570 -0.506167
vn -0.587938 -0.555570 -0.587938
vn -0.506167 -0.555570 -0.659649
vn -0.415735 -0.555570 -0.720074
vn -0.318190 -0.555570 -0.768178
vn -0.215200 -0.555570 -0.803138
vn -0.108529 -0.555570 -0.824356
vn -0.000000 -0.555570 -0.831470
vn 0.108529 -0.555570 -0.824356
vn 0.215200 -0.555570 -0.803138
vn 0.318190 -0.555570 -0.768178
vn 0.415735 -0.555570 -0.720074
vn 0.506167 -0.555570 -0.659649
vn 0.587938 -0.555570 -0.587938
vn 0.659649 -0.555570 -0.506167
vn 0.720074 -0.555570 -0.415735
vn 0.768178 -0.555570 -0.318190
vn 0.803138 -0.555570 -0.215200
vn 0.824356 -0.555570 -0.108529
vn 0.831470 -0.555570 -0.000000
vn 0.773010 -0.634393 0.000000
vn 0.766397 -0.634393 0.100898
vn 0.746671 -0.634393 0.200070
vn 0.714169 -0.634393 0.295818
vn 0.669447 -0.634393 0.386505
vn 0.613270 -0.634393 0.470579
vn 0.546601 -0.634393 0.546601
vn 0.470579 -0.634393 0.613270
vn 0.386505 -0.634393 0.669447
vn 0.295818 -0.634393 0.714169
vn 0.200070 -0.634393 0.746671
vn 0.100898 -0.634393 0.766397
vn 0.000000 -0.634393 0.773010
vn -0.100898 -0.634393 0.766397
vn -0.200070 -0.634393 0.746671
vn -0.295818 -0.634393 0.714169
vn -0.386505 -0.634393 0.669447
vn -0.470579 -0.634393 0.613270
vn -0.546601 -0.634393 0.546601
vn -0.613270 -0.634393 0.470579
vn -0.669447 -0.634393 0.386505
vn -0.714169 -0.634393 0.295818
vn -0.746671 -0.634393 0.200070
vn -0.766397 -0.634393 0.100898
vn -0.773010 -0.634393 0.000000
vn -0.766397 -0.634393 -0.100898
vn -0.746671 -0.634393 -0.200070
vn -0.714169 -0.634393 -0.295818
vn -0.669447 -0.634393 -0.386505
vn -0.613270 -0.634393 -0.470579
vn -0.546601 -0.634393 -0.546601
vn -0.470579 -0.634393 -0.613270
vn -0.386505 -0.634393 -0.669447
vn -0.295818 -0.634393 -0.714169
vn -0.200070 -0.634393 -0.746671
vn -0.100898 -0.634393 -0.766397
vn -0.000000 -0.634393 -0.773010
vn 0.100898 -0.634393 -0.766397
vn 0.200070 -0.634393 -0.746671
vn 0.295818 -0.634393 -0.714169
vn 0.386505 -0.634393 -0.669447
vn 0.470579 -0.634393 -0.613270
vn 0.546601 -0.634393 -0.546601
vn 0.613270 -0.634393 -0.470579
vn 0.669447 -0.634393 -0.386505
vn 0.714169 -0.634393 -0.295818
vn 0.746671 -0.634393 -0.200070
vn 0.766397 -0.634393 -0.100898
vn 0.773010 -0.634393 -0.000000
vn 0.707107 -0.707107 0.000000
vn 0.701057 -0.707107 0.092296
vn 0.683013 -0.707107 0.183013
vn 0.653281 -0.707107 0.270598
vn 0.612372 -0.707107 0.353553
vn 0.560986 -0.707107 0.430459
vn 0.500000 -0.707107 0.500000
vn 0.430459 -0.707107 0.560986
vn 0.353553 -0.707107 0.612372
vn 0.270598 -0.707107 0.653281
vn 0.183013 -0.707107 0.683013
vn 0.092296 -0.707107 0.701057
vn 0.000000 -0.707107 0.707107
vn -0.092296 -0.707107 0.701057
vn -0.183013 -0.707107 0.683013
vn -0.270598 -0.707107 0.653281
vn -0.353553 -0.707107 0.612372
vn -0.430459 -0.707107 0.560986
vn -0.500000 -0.707107 0.500000
vn -0.560986 -0.707107 0.430459
vn -0.612372 -0.707107 0.353553
vn -0.653281 -0.707107 0.270598
vn -0.683013 -0.707107 0.183013
vn -0.701057 -0.707107 0.092296
vn -0.707107 -0.707107 0.000000
vn -0.701057 -0.707107 -0.092296
vn -0.683013 -0.707107 -0.183013
vn -0.653281 -0.707107 -0.270598
vn -0.612372 -0.707107 -0.353553
vn -0.560986 -0.707107 -0.430459
vn -0.500000 -0.707107 -0.500000
vn -0.430459 -0.707107 -0.560986
vn -0.353553 -0.707107 -0.612372
vn -0.270598 -0.707107 -0.653281
vn -0.183013 -0.707107 -0.683013
vn -0.092296 -0.707107 -0.701057
vn -0.000000 -0.707107 -0.707107
vn 0.092296 -0.707107 -0.701057
vn 0.183013 -0.707107 -0.683013
vn 0.270598 -0.707107 -0.653281
vn 0.353553 -0.707107 -0.612372
vn 0.430459 -0.707107 -0.560986
vn 0.500000 -0.707107 -0.500000
vn 0.560986 -0.707107 -0.430459
vn 0.612372 -0.707107 -0.353553
vn 0.653281 -0.707107 -0.270598
vn 0.683013 -0.707107 -0.183013
vn 0.701057 -0.707107 -0.092296
vn 0.707107 -0.707107 -0.000000
vn 0.634393 -0.773010 0.000000
vn 0.628966 -0.773010 0.082805
vn 0.612777 -0.773010 0.164193
vn 0.586103 -0.773010 0.242772
vn 0.549401 -0.773010 0.317197
vn 0.503298 -0.773010 0.386194
vn 0.448584 -0.773010 0.448584
vn 0.386194 -0.773010 0.503298
vn 0.317197 -0.773010 0.549401
vn 0.242772 -0.773010 0.586103
vn 0.164193 -0.773010 0.612777
vn 0.082805 -0.773010 0.628966
vn 0.000000 -0.773010 0.634393
vn -0.082805 -0.773010 0.628966
vn -0.164193 -0.773010 0.612777
vn -0.242772 -0.773010 0.586103
vn -0.317197 -0.773010 0.549401
vn -0.386194 -0.773010 0.503298
vn -0.448584 -0.773010 0.448584
vn -0.503298 -0.773010 0.386194
vn -0.549401 -0.773010 0.317197
vn -0.586103 -0.773010 0.242772
vn -0.612777 -0.773010 0.164193
vn -0.628966 -0.773010 0.082805
vn -0.634393 -0.773010 0.000000
vn -0.628966 -0.773010 -0.082805
vn -0.612777 -0.773010 -0.164193
vn -0.586103 -0.773010 -0.242772
vn -0.549401 -0.773010 -0.317197
vn -0.503298 -0.773010 -0.386194
vn -0.448584 -0.773010 -0.448584
vn -0.386194 -0.773010 -0.503298
vn -0.317197 -0.773010 -0.549401
vn -0.242772 -0.773010 -0.586103
vn -0.164193 -0.773010 -0.612777
vn -0.082805 -0.773010 -0.628966
vn -0.000000 -0.773010 -0.634393
vn 0.082805 -0.773010 -0.628966
vn 0.164193 -0.773010 -0.612777
vn 0.242772 -0.773010 -0.586103
vn 0.317197 -0.773010 -0.549401
vn 0.386194 -0.773010 -0.503298
vn 0.448584 -0.773010 -0.448584
vn 0.503298 -0.773010 -0.386194
vn 0.549401 -0.773010 -0.317197
vn 0.586103 -0.773010 -0.242772
vn 0.612777 -0.773010 -0.164193
vn 0.628966 -0.773010 -0.082805
vn 0.634393 -0.773010 -0.000000
vn 0.555570 -0.831470 0.000000
vn 0.550817 -0.831470 0.072516
vn 0.536640 -0.831470 0.143792
vn 0.513280 -0.831470 0.212608
vn 0.481138 -0.831470 0.277785
vn 0.440764 -0.831470 0.338210
vn 0.392847 -0.831470 0.392847
vn 0.338210 -0.831470 0.440764
vn 0.277785 -0.831470 0.481138
vn 0.212608 -0.831470 0.513280
vn 0.143792 -0.831470 0.536640
vn 0.072516 -0.831470 0.550817
vn 0.000000 -0.831470 0.555570
vn -0.072516 -0.831470 0.550817
vn -0.143792 -0.831470 0.536640
vn -0.212608 -0.831470 0.513280
vn -0.277785 -0.831470 0.481138
vn -0.338210 -0.831470 0.440764
vn -0.392847 -0.831470 0.392847
vn -0.440764 -0.831470 0.338210
vn -0.481138 -0.831470 0.277785
vn -0.513280 -0.831470 0.212608
vn -0.536640 -0.831470 0.143792
vn -0.550817 -0.831470 0.072516
vn -0.555570 -0.831470 0.000000
vn -0.550817 -0.831470 -0.072516
vn -0.536640 -0.831470 -0.143792
vn -0.513280 -0.831470 -0.212608
vn -0.481138 -0.831470 -0.277785
vn -0.440764 -0.831470 -0.338210
vn -0.392847 -0.831470 -0.392847
vn -0.338210 -0.831470 -0.440764
vn -0.277785 -0.831470 -0.481138
vn -0.212608 -0.831470 -0.513280
vn -0.143792 -0.831470 -0.536640
vn -0.072516 -0.831470 -0.550817
vn -0.000000 -0.831470 -0.555570
vn 0.072516 -0.831470 -0.550817
vn 0.143792 -0.831470 -0.536640
vn 0.212608 -0.831470 -0.513280
vn 0.277785 -0.831470 -0.481138
vn 0.338210 -0.831470 -0.440764
vn 0.392847 -0.831470 -0.392847
vn 0.440764 -0.831470 -0.338210
vn 0.481138 -0.831470 -0.277785
vn 0.513280 -0.831470 -0.212608
vn 0.536640 -0.831470 -0.143792
vn 0.550817 -0.831470 -0.072516
vn 0.555570 -0.831470 -0.000000
vn 0.471397 -0.881921 0.000000
vn 0.467364 -0.881921 0.061530
vn 0.455334 -0.881921 0.122006
vn 0.435514 -0.881921 0.180396
vn 0.408242 -0.881921 0.235698
vn 0.373984 -0.881921 0.286968
vn 0.333328 -0.881921 0.333328
vn 0.286968 -0.881921 0.373984
vn 0.235698 -0.881921 0.408242
vn 0.180396 -0.881921 0.435514
vn 0.122006 -0.881921 0.455334
vn 0.061530 -0.881921 0.467364
vn 0.000000 -0.881921 0.471397
vn -0.061530 -0.881921 0.467364
vn -0.122006 -0.881921 0.455334
vn -0.180396 -0.881921 0.435514
vn -0.235698 -0.881921 0.408242
vn -0.286968 -0.881921 0.373984
vn -0.333328 -0.881921 0.333328
vn -0.373984 -0.881921 0.286968
vn -0.408242 -0.881921 0.235698
vn -0.435514 -0.881921 0.180396
vn -0.455334 -0.881921 0.122006
vn -0.467364 -0.881921 0.061530
vn -0.471397 -0.881921 0.000000
vn -0.467364 -0.881921 -0.061530
vn -0.455334 -0.881921 -0.122006
vn -0.435514 -0.881921 -0.180396
vn -0.408242 -0.881921 -0.235698
vn -0.373984 -0.881921 -0.286968
vn -0.333328 -0.881921 -0.333328
vn -0.286968 -0.881921 -0.373984
vn -0.235698 -0.881921 -0.408242
vn -0.180396 -0.881921 -0.435514
vn -0.122006 -0.881921 -0.455334
vn -0.061530 -0.881921 -0.467364
vn -0.000000 -0.881921 -0.471397
vn 0.061530 -0.881921 -0.467364
vn 0.122006 -0.881921 -0.455334
vn 0.180396 -0.881921 -0.435514
vn 0.235698 -0.881921 -0.408242
vn 0.286968 -0.881921 -0.373984
vn 0.333328 -0.881921 -0.333328
vn 0.373984 -0.881921 -0.286968
vn 0.408242 -0.881921 -0.235698
vn 0.435514 -0.881921 -0.180396
vn 0.455334 -0.881921 -0.122006
vn 0.467364 -0.881921 -0.061530
vn 0.471397 -0.881921 -0.000000
vn 0.382683 -0.923880 0.000000
vn 0.379410 -0.923880 0.049950
vn 0.369644 -0.923880 0.099046
vn 0.353553 -0.923880 0.146447
vn 0.331414 -0.923880 0.191342
vn 0.303603 -0.923880 0.232963
vn 0.270598 -0.923880 0.270598
vn 0.232963 -0.923880 0.303603
vn 0.191342 -0.923880 0.331414
vn 0.146447 -0.923880 0.353553
vn 0.099046 -0.923880 0.369644
vn 0.049950 -0.923880 0.379410
vn 0.000000 -0.923880 0.382683
vn -0.049950 -0.923880 0.379410
vn -0.099046 -0.923880 0.369644
vn -0.146447 -0.923880 0.353553
vn -0.191342 -0.923880 0.331414
vn -0.232963 -0.923880 0.303603
vn -0.270598 -0.923880 0.270598
vn -0.303603 -0.923880 0.232963
vn -0.331414 -0.923880 0.191342
vn -0.353553 -0.923880 0.146447
vn -0.369644 -0.923880 0.099046
vn -0.379410 -0.923880 0.049950
vn -0.382683 -0.923880 0.000000
vn -0.379410 -0.923880 -0.049950
vn -0.369644 -0.923880 -0.099046
vn -0.353553 -0.923880 -0.146447
vn -0.331414 -0.923880 -0.191342
vn -0.303603 -0.923880 -0.232963
vn -0.270598 -0.923880 -0.270598
vn -0.232963 -0.923880 -0.303603
vn -0.191342 -0.923880 -0.331414
vn -0.146447 -0.923880 -0.353553
vn -0.099046 -0.923880 -0.369644
vn -0.049950 -0.923880 -0.379410
vn -0.000000 -0.923880 -0.382683
vn 0.049950 -0.923880 -0.379410
vn 0.099046 -0.923880 -0.369644
vn 0.146447 -0.923880 -0.353553
vn 0.191342 -0.923880 -0.331414
vn 0.232963 -0.923880 -0.303603
vn 0.270598 -0.923880 -0.270598
vn 0.303603 -0.923880 -0.232963
vn 0.331414 -0.923880 -0.191342
vn 0.353553 -0.923880 -0.146447
vn 0.369644 -0.923880 -0.099046
vn 0.379410 -0.923880 -0.049950
vn 0.382683 -0.923880 -0.000000
vn 0.290285 -0.956940 0.000000
vn 0.287801 -0.956940 0.037890
vn 0.280393 -0.956940 0.075131
vn 0.268188 -0.956940 0.111087
vn 0.251394 -0.956940 0.145142
vn 0.230298 -0.956940 0.176714
vn 0.205262 -0.956940 0.205262
vn 0.176714 -0.956940 0.230298
vn 0.145142 -0.956940 0.251394
vn 0.111087 -0.956940 0.268188
vn 0.075131 -0.956940 0.280393
vn 0.037890 -0.956940 0.287801
vn 0.000000 -0.956940 0.290285
vn -0.037890 -0.956940 0.287801
vn -0.075131 -0.956940 0.280393
vn -0.111087 -0.956940 0.268188
vn -0.145142 -0.956940 0.251394
vn -0.176714 -0.956940 0.230298
vn -0.205262 -0.956940 0.205262
vn -0.230298 -0.956940 0.176714
vn -0.251394 -0.956940 0.145142
vn -0.268188 -0.956940 0.111087
vn -0.280393 -0.956940 0.075131
vn -0.287801 -0.956940 0.037890
vn -0.290285 -0.956940 0.000000
vn -0.287801 -0.956940 -0.037890
vn -0.280393 -0.956940 -0.075131
vn -0.268188 -0.956940 -0.111087
vn -0.251394 -0.956940 -0.145142
vn -0.230298 -0.956940 -0.176714
vn -0.205262 -0.956940 -0.205262
vn -0.176714 -0.956940 -0.230298
vn -0.145142 -0.956940 -0.251394
vn -0.111087 -0.956940 -0.268188
vn -0.075131 -0.956940 -0.280393
vn -0.037890 -0.956940 -0.287801
vn -0.000000 -0.956940 -0.290285
vn 0.037890 -0.956940 -0.287801
vn 0.075131 -0.956940 -0.280393
vn 0.111087 -0.956940 -0.268188
vn 0.145142 -0.956940 -0.251394
vn 0.176714 -0.956940 -0.230298
vn 0.205262 -0.956940 -0.205262
vn 0.230298 -0.956940 -0.176714
vn 0.251394 -0.956940 -0.145142
vn 0.268188 -0.956940 -0.111087
vn 0.280393 -0.956940 -0.075131
vn 0.287801 -0.956940 -0.037890
vn 0.290285 -0.956940 -0.000000
vn 0.195090 -0.980785 0.000000
vn 0.193421 -0.980785 0.025464
vn 0.188443 -0.980785 0.050493
vn 0.180240 -0.980785 0.074658
vn 0.168953 -0.980785 0.097545
vn 0.154776 -0.980785 0.118763
vn 0.137950 -0.980785 0.137950
vn 0.118763 -0.980785 0.154776
vn 0.097545 -0.980785 0.168953
vn 0.074658 -0.980785 0.180240
vn 0.050493 -0.980785 0.188443
vn 0.025464 -0.980785 0.193421
vn 0.000000 -0.980785 0.195090
vn -0.025464 -0.980785 0.193421
vn -0.050493 -0.980785 0.188443
vn -0.074658 -0.980785 0.180240
vn -0.097545 -0.980785 0.168953
vn -0.118763 -0.980785 0.154776
vn -0.137950 -0.980785 0.137950
vn -0.154776 -0.980785 0.118763
vn -0.168953 -0.980785 0.097545
vn -0.180240 -0.980785 0.074658
vn -0.188443 -0.980785 0.050493
vn -0.193421 -0.980785 0.025464
vn -0.195090 -0.980785 0.000000
vn -0.193421 -0.980785 -0.025464
vn -0.188443 -0.980785 -0.050493
vn -0.180240 -0.980785 -0.074658
vn -0.168953 -0.980785 -0.097545
vn -0.154776 -0.980785 -0.118763
vn -0.137950 -0.980785 -0.137950
vn -0.118763 -0.980785 -0.154776
vn -0.097545 -0.980785 -0.168953
vn -0.074658 -0.980785 -0.180240
vn -0.050493 -0.980785 -0.188443
vn -0.025464 -0.980785 -0.193421
vn -0.000000 -0.980785 -0.195090
vn 0.025464 -0.980785 -0.193421
vn 0.050493 -0.980785 -0.188443
vn 0.074658 -0.980785 -0.180240
vn 0.097545 -0.980785 -0.168953
vn 0.118763 -0.980785 -0.154776
vn 0.137950 -0.980785 -0.137950
vn 0.154776 -0.980785 -0.118763
vn 0.168953 -0.980785 -0.097545
vn 0.180240 -0.980785 -0.074658
vn 0.188443 -0.980785 -0.050493
vn 0.193421 -0.980785 -0.025464
vn 0.195090 -0.980785 -0.000000
vn 0.098017 -0.995185 0.000000
vn 0.097179 -0.995185 0.012794
vn 0.094677 -0.995185 0.025369
vn 0.090556 -0.995185 0.037510
vn 0.084885 -0.995185 0.049009
vn 0.077762 -0.995185 0.059669
vn 0.069309 -0.995185 0.069309
vn 0.059669 -0.995185 0.077762
vn 0.049009 -0.995185 0.084885
vn 0.037510 -0.995185 0.090556
vn 0.025369 -0.995185 0.094677
vn 0.012794 -0.995185 0.097179
vn 0.000000 -0.995185 0.098017
vn -0.012794 -0.995185 0.097179
vn -0.025369 -0.995185 0.094677
vn -0.037510 -0.995185 0.090556
vn -0.049009 -0.995185 0.084885
vn -0.059669 -0.995185 0.077762
vn -0.069309 -0.995185 0.069309
vn -0.077762 -0.995185 0.059669
vn -0.084885 -0.995185 0.049009
vn -0.090556 -0.995185 0.037510
vn -0.094677 -0.995185 0.025369
vn -0.097179 -0.995185 0.012794
vn -0.098017 -0.995185 0.000000
vn -0.097179 -0.995185 -0.012794
vn -0.094677 -0.995185 -0.025369
vn -0.090556 -0.995185 -0.037510
vn -0.084885 -0.995185 -0.049009
vn -0.077762 -0.995185 -0.059669
vn -0.069309 -0.995185 -0.069309
vn -0.059669 -0.995185 -0.077762
vn -0.049009 -0.995185 -0.084885
vn -0.037510 -0.995185 -0.090556
vn -0.025369 -0.995185 -0.094677
vn -0.012794 -0.995185 -0.097179
vn -0.000000 -0.995185 -0.098017
vn 0.012794 -0.995185 -0.097179
vn 0.025369 -0.995185 -0.094677
vn 0.037510 -0.995185 -0.090556
vn 0.049009 -0.995185 -0.084885
vn 0.059669 -0.995185 -0.077762
vn 0.069309 -0.995185 -0.069309
vn 0.077762 -0.995185 -0.059669
vn 0.084885 -0.995185 -0.049009
vn 0.090556 -0.995185 -0.037510
vn 0.094677 -0.995185 -0.025369
vn 0.097179 -0.995185 -0.012794
vn 0.098017 -0.995185 -0.000000
vn 0.000000 -1.000000 0.000000
vn 0.000000 -1.000000 0.000000
vn 0.000000 -1.000000 0.000000
vn 0.000000 -1.000000 0.000000
vn 0.000000 -1.000000 0.000000
vn 0.000000 -1.000000 0.000000
vn 0.000000 -1.000000 0.000000
vn 0.000000 -1.000000 0.000000
vn 0.000000 -1.000000 0.000000
vn 0.000000 -1.000000 0.000000
vn 0.000000 -1.000000 0.000000
vn 0.000000 -1.000000 0.000000
vn 0.000000 -1.000000 0.000000
vn -0.000000 -1.000000 0.000000
vn -0.000000 -1.000000 0.000000
vn -0.000000 -1.000000 0.000000
vn -0.000000 -1.000000 0.000000
vn -0.000000 -1.000000 0.000000
vn -0.000000 -1.000000 0.000000
vn -0.000000 -1.000000 0.000000
vn -0.000000 -1.000000 0.000000
vn -0.000000 -1.000000 0.000000
vn -0.000000 -1.000000 0.000000
vn -0.000000 -1.000000 0.000000
vn -0.000000 -1.000000 0.000000
vn -0.000000 -1.000000 -0.000000
vn -0.000000 -1.000000 -0.000000
vn -0.000000 -1.000000 -0.000000
vn -0.000000 -1.000000 -0.000000
vn -0.000000 -1.000000 -0.000000
vn -0.000000 -1.000000 -0.000000
vn -0.000000 -1.000000 -0.000000
vn -0.000000 -1.000000 -0.000000
vn -0.000000 -1.000000 -0.000000
vn -0.000000 -1.000000 -0.000000
vn -0.000000 -1.000000 -0.000000
vn -0.000000 -1.000000 -0.000000
vn 0.000000 -1.000000 -0.000000
vn 0.000000 -1.000000 -0.000000
vn 0.000000 -1.000000 -0.000000
vn 0.000000 -1.000000 -0.000000
vn 0.000000 -1.000000 -0.000000
vn 0.000000 -1.000000 -0.000000
vn 0.000000 -1.000000 -0.000000
vn 0.000000 -1.000000 -0.000000
vn 0.000000 -1.000000 -0.000000
vn 0.000000 -1.000000 -0.000000
vn 0.000000 -1.000000 -0.000000
vn 0.000000 -1.000000 -0.000000
usemtl planet_4
f 1/1/1 50/50/50 2/2/2
f 50/50/50 51/51/51 2/2/2
f 2/2/2 51/51/51 3/3/3
f 51/51/51 52/52/52 3/3/3
f 3/3/3 52/52/52 4/4/4
f 52/52/52 53/53/53 4/4/4
f 4/4/4 53/53/53 5/5/5
f 53/53/53 54/54/54 5/5/5
f 5/5/5 54/54/54 6/6/6
f 54/54/54 55/55/55 6/6/6
f 6/6/6 55/55/55 7/7/7
f 55/55/55 56/56/56 7/7/7
f 7/7/7 56/56/56 8/8/8
f 56/56/56 57/57/57 8/8/8
f 8/8/8 57/57/57 9/9/9
f 57/57/57 58/58/58 9/9/9
f 9/9/9 58/58/58 10/10/10
f 58/58/58 59/59/59 10/10/10
f 10/10/10 59/59/59 11/11/11
f 59/59/59 60/60/60 11/11/11
f 11/11/11 60/60/60 12/12/12
f 60/60/60 61/61/61 12/12/12
f 12/12/12 61/61/61 13/13/13
f 61/61/61 62/62/62 13/13/13
f 13/13/13 62/62/62 14/14/14
f 62/62/62 63/63/63 14/14/14
f 14/14/14 63/63/63 15/15/15
f 63/63/63 64/64/64 15/15/15
f 15/15/15 64/64/64 16/16/16
f 64/64/64 65/65/65 16/16/16
f 16/16/16 65/65/65 17/17/17
f 65/65/65 66/66/66 17/17/17
f 17/17/17 66/66/66 18/18/18
f 66/66/66 67/67/67 18/18/18
f 18/18/18 67/67/67 19/19/19
f 67/67/67 68/68/68 19/19/19
f 19/19/19 68/68/68 20/20/20
f 68/68/68 69/69/69 20/20/20
f 20/20/20 69/69/69 21/21/21
f 69/69/69 70/70/70 21/21/21
f 21/21/21 70/70/70 22/22/22
f 70/70/70 71/71/71 22/22/22
f 22/22/22 71/71/71 23/23/23
f 71/71/71 72/72/72 23/23/23
f 23/23/23 72/72/72 24/24/24
f 72/72/72 73/73/73 24/24/24
f 24/24/24 73/73/73 25/25/25
f 73/73/73 74/74/74 25/25/25
f 25/25/25 74/74/74 26/26/26
f 74/74/74 75/75/75 26/26/26
f 26/26/26 75/75/75 27/27/27
f 75/75/75 76/76/76 27/27/27
f 27/27/27 76/76/76 28/28/28
f 76/76/76 77/77/77 28/28/28
f 28/28/28 77/77/77 29/29/29
f 77/77/77 78/78/78 29/29/29
f 29/29/29 78/78/78 30/30/30
f 78/78/78 79/79/79 30/30/30
f 30/30/30 79/79/79 31/31/31
f 79/79/79 80/80/80 31/31/31
f 31/31/31 80/80/80 32/32/32
f 80/80/80 81/81/81 32/32/32
f 32/32/32 81/81/81 33/33/33
f 81/81/81 82/82/82 33/33/33
f 33/33/33 82/82/82 34/34/34
f 82/82/82 83/83/83 34/34/34
f 34/34/34 83/83/83 35/35/35
f 83/83/83 84/84/84 35/35/35
f 35/35/35 84/84/84 36/36/36
f 84/84/84 85/85/85 36/36/36
f 36/36/36 85/85/85 37/37/37
f 85/85/85 86/86/86 37/37/37
f 37/37/37 86/86/86 38/38/38
f 86/86/86 87/87/87 38/38/38
f 38/38/38 87/87/87 39/39/39
f 87/87/87 88/88/88 39/39/39
f 39/39/39 88/88/88 40/40/40
f 88/88/88 89/89/89 40/40/40
f 40/40/40 89/89/89 41/41/41
f 89/89/89 90/90/90 41/41/41
f 41/41/41 90/90/90 42/42/42
f 90/90/90 91/91/91 42/42/42
f 42/42/42 91/91/91 43/43/43
f 91/91/91 92/92/92 43/43/43
f 43/43/43 92/92/92 44/44/44
f 92/92/92 93/93/93 44/44/44
f 44/44/44 93/93/93 45/45/45
f 93/93/93 94/94/94 45/45/45
f 45/45/45 94/94/94 46/46/46
f 94/94/94 95/95/95 46/46/46
f 46/46/46 95/95/95 47/47/47
f 95/95/95 96/96/96 47/47/47
f 47/47/47 96/96/96 48/48/48
f 96/96/96 97/97/97 48/48/48
f 48/48/48 97/97/97 49/49/49
f 97/97/97 98/98/98 49/49/49
f 50/50/50 99/99/99 51/51/51
f 99/99/99 100/100/100 51/51/51
f 51/51/51 100/100/100 52/52/52
f 100/100/100 101/101/101 52/52/52
f 52/52/52 101/101/101 53/53/53
f 101/101/101 102/102/102 53/53/53
f 53/53/53 102/102/102 54/54/54
f 102/102/102 103/103/103 54/54/54
f 54/54/54 103/103/103 55/55/55
f 103/103/103 104/104/104 55/55/55
f 55/55/55 104/104/104 56/56/56
f 104/104/104 105/105/105 56/56/56
f 56/56/56 105/105/105 57/57/57
f 105/105/105 106/106/106 57/57/57
f 57/57/57 106/106/106 58/58/58
f 106/106/106 107/107/107 58/58/58
f 58/58/58 107/107/107 59/59/59
f 107/107/107 108/108/108 59/59/59
f 59/59/59 108/108/108 60/60/60
f 108/108/108 109/109/109 60/60/60
f 60/60/60 109/109/109 61/61/61
f 109/109/109 110/110/110 61/61/61
f 61/61/61 110/110/110 62/62/62
f 110/110/110 111/111/111 62/62/62
f 62/62/62 111/111/111 63/63/63
f 111/111/111 112/112/112 63/63/63
f 63/63/63 112/112/112 64/64/64
f 112/112/112 113/113/113 64/64/64
f 64/64/64 113/113/113 65/65/65
f 113/113/113 114/114/114 65/65/65
f 65/65/65 114/114/114 66/66/66
f 114/114/114 115/115/115 66/66/66
f 66/66/66 115/115/115 67/67/67
f 115/115/115 116/116/116 67/67/67
f 67/67/67 116/116/116 68/68/68
f 116/116/116 117/117/117 68/68/68
f 68/68/68 117/117/117 69/69/69
f 117/117/117 118/118/118 69/69/69
f 69/69/69 118/118/118 70/70/70
f 118/118/118 119/119/119 70/70/70
f 70/70/70 119/119/119 71/71/71
f 119/119/119 120/120/120 71/71/71
f 71/71/71 120/120/120 72/72/72
f 120/120/120 121/121/121 72/72/72
f 72/72/72 121/121/121 73/73/73
f 121/121/121 122/122/122 73/73/73
f 73/73/73 122/122/122 74/74/74
f 122/122/122 123/123/123 74/74/74
f 74/74/74 123/123/123 75/75/75
f 123/123/123 124/124/124 75/75/75
f 75/75/75 124/124/124 76/76/76
f 124/124/124 125/125/125 76/76/76
f 76/76/76 125/125/125 77/77/77
f 125/125/125 126/126/126 77/77/77
f 77/77/77 126/126/126 78/78/78
f 126/126/126 127/127/127 78/78/78
f 78/78/78 127/127/127 79/79/79
f 127/127/127 128/128/128 79/79/79
f 79/79/79 128/128/128 80/80/80
f 128/128/128 129/129/129 80/80/80
f 80/80/80 129/129/129 81/81/81
f 129/129/129 130/130/130 81/81/81
f 81/81/81 130/130/130 82/82/82
f 130/130/130 131/131/131 82/82/82
f 82/82/82 131/131/131 83/83/83
f 131/131/131 132/132/132 83/83/83
f 83/83/83 132/132/132 84/84/84
f 132/132/132 133/133/133 84/84/84
f 84/84/84 133/133/133 85/85/85
f 133/133/133 134/134/134 85/85/85
f 85/85/85 134/134/134 86/86/86
f 134/134/134 135/135/135 86/86/86
f 86/86/86 135/135/135 87/87/87
f 135/135/135 136/136/136 87/87/87
f 87/87/87 136/136/136 88/88/88
f 136/136/136 137/137/137 88/88/88
f 88/88/88 137/137/137 89/89/89
f 137/137/137 138/138/138 89/89/89
f 89/89/89 138/138/138 90/90/90
f 138/138/138 139/139/139 90/90/90
f 90/90/90 139/139/139 91/91/91
f 139/139/139 140/140/140 91/91/91
f 91/91/91 140/140/140 92/92/92
f 140/140/140 141/141/141 92/92/92
f 92/92/92 141/141/141 93/93/93
f 141/141/141 142/142/142 93/93/93
f 93/93/93 142/142/142 94/94/94
f 142/142/142 143/143/143 94/94/94
f 94/94/94 143/143/143 95/95/95
f 143/143/143 144/144/144 95/95/95
f 95/95/95 144/144/144 96/96/96
f 144/144/144 145/145/145 96/96/96
f 96/96/96 145/145/145 97/97/97
f 145/145/145 146/146/146 97/97/97
f 97/97/97 146/146/146 98/98/98
f 146/146/146 147/147/147 98/98/98
f 99/99/99 148/148/148 100/100/100
f 148/148/148 149/149/149 100/100/100
f 100/100/100 149/149/149 101/101/101
f 149/149/149 150/150/150 101/101/101
f 101/101/101 150/150/150 102/102/102
f 150/150/150 151/151/151 102/102/102
f 102/102/102 151/151/151 103/103/103
f 151/151/151 152/152/152 103/103/103
f 103/103/103 152/152/152 104/104/104
f 152/152/152 153/153/153 104/104/104
f 104/104/104 153/153/153 105/105/105
f 153/153/153 154/154/154 105/105/105
f 105/105/105 154/154/154 106/106/106
f 154/154/154 155/155/155 106/106/106
f 106/106/106 155/155/155 107/107/107
f 155/155/155 156/156/156 107/107/107
f 107/107/107 156/156/156 108/108/108
f 156/156/156 157/157/157 108/108/108
f 108/108/108 157/157/157 109/109/109
f 157/157/157 158/158/158 109/109/109
f 109/109/109 158/158/158 110/110/110
f 158/158/158 159/159/159 110/110/110
f 110/110/110 159/159/159 111/111/111
f 159/159/159 160/160/160 111/111/111
f 111/111/111 160/160/160 112/112/112
f 160/160/160 161/161/161 112/112/112
f 112/112/112 161/161/161 113/113/113
f 161/161/161 162/162/162 113/113/113
f 113/113/113 162/162/162 114/114/114
f 162/162/162 163/163/163 114/114/114
f 114/114/114 163/163/163 115/115/115
f 163/163/163 164/164/164 115/115/115
f 115/115/115 164/164/164 116/116/116
f 164/164/164 165/165/165 116/116/116
f 116/116/116 165/165/165 117/117/117
f 165/165/165 166/166/166 117/117/117
f 117/117/117 166/166/166 118/118/118
f 166/166/166 167/167/167 118/118/118
f 118/118/118 167/167/167 119/119/119
f 167/167/167 168/168/168 119/119/119
f 119/119/119 168/168/168 120/120/120
f 168/168/168 169/169/169 120/120/120
f 120/120/120 169/169/169 121/121/121
f 169/169/169 170/170/170 121/121/121
f 121/121/121 170/170/170 122/122/122
f 170/170/170 171/171/171 122/122/122
f 122/122/122 171/171/171 123/123/123
f 171/171/171 172/172/172 123/123/123
f 123/123/123 172/172/172 124/124/124
f 172/172/172 173/173/173 124/124/124
f 124/124/124 173/173/173 125/125/125
f 173/173/173 174/174/174 125/125/125
f 125/125/125 174/174/174 126/126/126
f 174/174/174 175/175/175 126/126/126
f 126/126/126 175/175/175 127/127/127
f 175/175/175 176/176/176 127/127/127
f 127/127/127 176/176/176 128/128/128
f 176/176/176 177/177/177 128/128/128
f 128/128/128 177/177/177 129/129/129
f 177/177/177 178/178/178 129/129/129
f 129/129/129 178/178/178 130/130/130
f 178/178/178 179/179/179 130/130/130
f 130/130/130 179/179/179 131/131/131
f 179/179/179 180/180/180 131/131/131
f 131/131/131 180/180/180 132/132/132
f 180/180/180 181/181/181 132/132/132
f 132/132/132 181/181/181 133/133/133
f 181/181/181 182/182/182 133/133/133
f 133/133/133 182/182/182 134/134/134
f 182/182/182 183/183/183 134/134/134
f 134/134/134 183/183/183 135/135/135
f 183/183/183 184/184/184 135/135/135
f 135/135/135 184/184/184 136/136/136
f 184/184/184 185/185/185 136/136/136
f 136/136/136 185/185/185 137/137/137
f 185/185/185 186/186/186 137/137/137
f 137/137/137 186/186/186 138/138/138
f 186/186/186 187/187/187 138/138/138
f 138/138/138 187/187/187 139/139/139
f 187/187/187 188/188/188 139/139/139
f 139/139/139 188/188/188 140/140/140
f 188/188/188 189/189/189 140/140/140
f 140/140/140 189/189/189 141/141/141
f 189/189/189 190/190/190 141/141/141
f 141/141/141 190/190/190 142/142/142
f 190/190/190 191/191/191 142/142/142
f 142/142/142 191/191/191 143/143/143
f 191/191/191 192/192/192 143/143/143
f 143/143/143 192/192/192 144/144/144
f 192/192/192 193/193/193 144/144/144
f 144/144/144 193/193/193 145/145/145
f 193/193/193 194/194/194 145/145/145
f 145/145/145 194/194/194 146/146/146
f 194/194/194 195/195/195 146/146/146
f 146/146/146 195/195/195 147/147/147
f 195/195/195 196/196/196 147/147/147
f 148/148/148 197/197/197 149/149/149
f 197/197/197 198/198/198 149/149/149
f 149/149/149 198/198/198 150/150/150
f 198/198/198 199/199/199 150/150/150
f 150/150/150 199/199/199 151/151/151
f 199/199/199 200/200/200 151/151/151
f 151/151/151 200/200/200 152/152/152
f 200/200/200 201/201/201 152/152/152
f 152/152/152 201/201/201 153/153/153
f 201/201/201 202/202/202 153/153/153
f 153/153/153 202/202/202 154/154/154
f 202/202/202 203/203/203 154/154/154
f 154/154/154 203/203/203 155/155/155
f 203/203/203 204/204/204 155/155/155
f 155/155/155 204/204/204 156/156/156
f 204/204/204 205/205/205 156/156/156
f 156/156/156 205/205/205 157/157/157
f 205/205/205 206/206/206 157/157/157
f 157/157/157 206/206/206 158/158/158
f 206/206/206 207/207/207 158/158/158
f 158/158/158 207/207/207 159/159/159
f 207/207/207 208/208/208 159/159/159
f 159/159/159 208/208/208 160/160/160
f 208/208/208 209/209/209 160/160/160
f 160/160/160 209/209/209 161/161/161
f 209/209/209 210/210/210 161/161/161
f 161/161/161 210/210/210 162/162/162
f 210/210/210 211/211/211 162/162/162
f 162/162/162 211/211/211 163/163/163
f 211/211/211 212/212/212 163/163/163
f 163/163/163 212/212/212 164/164/164
f 212/212/212 213/213/213 164/164/164
f 164/164/164 213/213/213 165/165/165
f 213/213/213 214/214/214 165/165/165
f 165/165/165 214/214/214 166/166/166
f 214/214/214 215/215/215 166/166/166
f 166/166/166 215/215/215 167/167/167
f 215/215/215 216/216/216 167/167/167
f 167/167/167 216/216/216 168/168/168
f 216/216/216 217/217/217 168/168/168
f 168/168/168 217/217/217 169/169/169
f 217/217/217 218/218/218 169/169/169
f 169/169/169 218/218/218 170/170/170
f 218/218/218 219/219/219 170/170/170
f 170/170/170 219/219/219 171/171/171
f 219/219/219 220/220/220 171/171/171
f 171/171/171 220/220/220 172/172/172
f 220/220/220 221/221/221 172/172/172
f 172/172/172 221/221/221 173/173/173
f 221/221/221 222/222/222 173/173/173
f 173/173/173 222/222/222 174/174/174
f 222/222/222 223/223/223 174/174/174
f 174/174/174 223/223/223 175/175/175
f 223/223/223 224/224/224 175/175/175
f 175/175/175 224/224/224 176/176/176
f 224/224/224 225/225/225 176/176/176
f 176/176/176 225/225/225 177/177/177
f 225/225/225 226/226/226 177/177/177
f 177/177/177 226/226/226 178/178/178
f 226/226/226 227/227/227 178/178/178
f 178/178/178 227/227/227 179/179/179
f 227/227/227 228/228/228 179/179/179
f 179/179/179 228/228/228 180/180/180
f 228/228/228 229/229/229 180/180/180
f 180/180/180 229/229/229 181/181/181
f 229/229/229 230/230/230 181/181/181
f 181/181/181 230/230/230 182/182/182
f 230/230/230 231/231/231 182/182/182
f 182/182/182 231/231/231 183/183/183
f 231/231/231 232/232/232 183/183/183
f 183/183/183 232/232/232 184/184/184
f 232/232/232 233/233/233 184/184/184
f 184/184/184 233/233/233 185/185/185
f 233/233/233 234/234/234 185/185/185
f 185/185/185 234/234/234 186/186/186
f 234/234/234 235/235/235 186/186/186
f 186/186/186 235/235/235 187/187/187
f 235/235/235 236/236/236 187/187/187
f 187/187/187 236/236/236 188/188/188
f 236/236/236 237/237/237 188/188/188
f 188/188/188 237/237/237 189/189/189
f 237/237/237 238/238/238 189/189/189
f 189/189/189 238/238/238 190/190/190
f 238/238/238 239/239/239 190/190/190
f 190/190/190 239/239/239 191/191/191
f 239/239/239 240/240/240 191/191/191
f 191/191/191 240/240/240 192/192/192
f 240/240/240 241/241/241 192/192/192
f 192/192/192 241/241/241 193/193/193
f 241/241/241 242/242/242 193/193/193
f 193/193/193 242/242/242 194/194/194
f 242/242/242 243/243/243 194/194/194
f 194/194/194 243/243/243 195/195/195
f 243/243/243 244/244/244 195/195/195
f 195/195/195 244/244/244 196/196/196
f 244/244/244 245/245/245 196/196/196
f 197/197/197 246/246/246 198/198/198
f 246/246/246 247/247/247 198/198/198
f 198/198/198 247/247/247 199/199/199
f 247/247/247 248/248/248 199/199/199
f 199/199/199 248/248/248 200/200/200
f 248/248/248 249/249/249 200/200/200
f 200/200/200 249/249/249 201/201/201
f 249/249/249 250/250/250 201/201/201
f 201/201/201 250/250/250 202/202/202
f 250/250/250 251/251/251 202/202/202
f 202/202/202 251/251/251 203/203/203
f 251/251/251 252/252/252 203/203/203
f 203/203/203 252/252/252 204/204/204
f 252/252/252 253/253/253 204/204/204
f 204/204/204 253/253/253 205/205/205
f 253/253/253 254/254/254 205/205/205
f 205/205/205 254/254/254 206/206/206
f 254/254/254 255/255/255 206/206/206
f 206/206/206 255/255/255 207/207/207
f 255/255/255 256/256/256 207/207/207
f 207/207/207 256/256/256 208/208/208
f 256/256/256 257/257/257 208/208/208
f 208/208/208 257/257/257 209/209/209
f 257/257/257 258/258/258 209/209/209
f 209/209/209 258/258/258 210/210/210
f 258/258/258 259/259/259 210/210/210
f 210/210/210 259/259/259 211/211/211
f 259/259/259 260/260/260 211/211/211
f 211/211/211 260/260/260 212/212/212
f 260/260/260 261/261/261 212/212/212
f 212/212/212 261/261/261 213/213/213
f 261/261/261 262/262/262 213/213/213
f 213/213/213 262/262/262 214/214/214
f 262/262/262 263/263/263 214/214/214
f 214/214/214 263/263/263 215/215/215
f 263/263/263 264/264/264 215/215/215
f 215/215/215 264/264/264 216/216/216
f 264/264/264 265/265/265 216/216/216
f 216/216/216 265/265/265 217/217/217
f 265/265/265 266/266/266 217/217/217
f 217/217/217 266/266/266 218/218/218
f 266/266/266 267/267/267 218/218/218
f 218/218/218 267/267/267 219/219/219
f 267/267/267 268/268/268 219/219/219
f 219/219/219 268/268/268 220/220/220
f 268/268/268 269/269/269 220/220/220
f 220/220/220 269/269/269 221/221/221
f 269/269/269 270/270/270 221/221/221
f 221/221/221 270/270/270 222/222/222
f 270/270/270 271/271/271 222/222/222
f 222/222/222 271/271/271 223/223/223
f 271/271/271 272/272/272 223/223/223
f 223/223/223 272/272/272 224/224/224
f 272/272/272 273/273/273 224/224/224
f 224/224/224 273/273/273 225/225/225
f 273/273/273 274/274/274 225/225/225
f 225/225/225 274/274/274 226/226/226
f 274/274/274 275/275/275 226/226/226
f 226/226/226 275/275/275 227/227/227
f 275/275/275 276/276/276 227/227/227
f 227/227/227 276/276/276 228/228/228
f 276/276/276 277/277/277 228/228/228
f 228/228/228 277/277/277 229/229/229
f 277/277/277 278/278/278 229/229/229
f 229/229/229 278/278/278 230/230/230
f 278/278/278 279/279/279 230/230/230
f 230/230/230 279/279/279 231/231/231
f 279/279/279 280/280/280 231/231/231
f 231/231/231 280/280/280 232/232/232
f 280/280/280 281/281/281 232/232/232
f 232/232/232 281/281/281 233/233/233
f 281/281/281 282/282/282 233/233/233
f 233/233/233 282/282/282 234/234/234
f 282/282/282 283/283/283 234/234/234
f 234/234/234 283/283/283 235/235/235
f 283/283/283 284/284/284 235/235/235
f 235/235/235 284/284/284 236/236/236
f 284/284/284 285/285/285 236/236/236
f 236/236/236 285/285/285 237/237/237
f 285/285/285 286/286/286 237/237/237
f 237/237/237 286/286/286 238/238/238
f 286/286/286 287/287/287 238/238/238
f 238/238/238 287/287/287 239/239/239
f 287/287/287 288/288/288 239/239/239
f 239/239/239 288/288/288 240/240/240
f 288/288/288 289/289/289 240/240/240
f 240/240/240 289/289/289 241/241/241
f 289/289/289 290/290/290 241/241/241
f 241/241/241 290/290/290 242/242/242
f 290/290/290 291/291/291 242/242/242
f 242/242/242 291/291/291 243/243/243
f 291/291/291 292/292/292 243/243/243
f 243/243/243 292/292/292 244/244/244
f 292/292/292 293/293/293 244/244/244
f 244/244/244 293/293/293 245/245/245
f 293/293/293 294/294/294 245/245/245
f 246/246/246 295/295/295 247/247/247
f 295/295/295 296/296/296 247/247/247
f 247/247/247 296/296/296 248/248/248
f 296/296/296 297/297/297 248/248/248
f 248/248/248 297/297/297 249/249/249
f 297/297/297 298/298/298 249/249/249
f 249/249/249 298/298/298 250/250/250
f 298/298/298 299/299/299 250/250/250
f 250/250/250 299/299/299 251/251/251
f 299/299/299 300/300/300 251/251/251
f 251/251/251 300/300/300 252/252/252
f 300/300/300 301/301/301 252/252/252
f 252/252/252 301/301/301 253/253/253
f 301/301/301 302/302/302 253/253/253
f 253/253/253 302/302/302 254/254/254
f 302/302/302 303/303/303 254/254/254
f 254/254/254 303/303/303 255/255/255
f 303/303/303 304/304/304 255/255/255
f 255/255/255 304/304/304 256/256/256
f 304/304/304 305/305/305 256/256/256
f 256/256/256 305/305/305 257/257/257
f 305/305/305 306/306/306 257/257/257
f 257/257/257 306/306/306 258/258/258
f 306/306/306 307/307/307 258/258/258
f 258/258/258 307/307/307 259/259/259
f 307/307/307 308/308/308 259/259/259
f 259/259/259 308/308/308 260/260/260
f 308/308/308 309/309/309 260/260/260
f 260/260/260 309/309/309 261/261/261
f 309/309/309 310/310/310 261/261/261
f 261/261/261 310/310/310 262/262/262
f 310/310/310 311/311/311 262/262/262
f 262/262/262 311/311/311 263/263/263
f 311/311/311 312/312/312 263/263/263
f 263/263/263 312/312/312 264/264/264
f 312/312/312 313/313/313 264/264/264
f 264/264/264 313/313/313 265/265/265
f 313/313/313 314/314/314 265/265/265
f 265/265/265 314/314/314 266/266/266
f 314/314/314 315/315/315 266/266/266
f 266/266/266 315/315/315 267/267/267
f 315/315/315 316/316/316 267/267/267
f 267/267/267 316/316/316 268/268/268
f 316/316/316 317/317/317 268/268/268
f 268/268/268 317/317/317 269/269/269
f 317/317/317 318/318/318 269/269/269
f 269/269/269 318/318/318 270/270/270
f 318/318/318 319/319/319 270/270/270
f 270/270/270 319/319/319 271/271/271
f 319/319/319 320/320/320 271/271/271
f 271/271/271 320/320/320 272/272/272
f 320/320/320 321/321/321 272/272/272
f 272/272/272 321/321/321 273/273/273
f 321/321/321 322/322/322 273/273/273
f 273/273/273 322/322/322 274/274/274
f 322/322/322 323/323/323 274/274/274
f 274/274/274 323/323/323 275/275/275
f 323/323/323 324/324/324 275/275/275
f 275/275/275 324/324/324 276/276/276
f 324/324/324 325/325/325 276/276/276
f 276/276/276 325/325/325 277/277/277
f 325/325/325 326/326/326 277/277/277
f 277/277/277 326/326/326 278/278/278
f 326/326/326 327/327/327 278/278/278
f 278/278/278 327/327/327 279/279/279
f 327/327/327 328/328/328 279/279/279
f 279/279/279 328/328/328 280/280/280
f 328/328/328 329/329/329 280/280/280
f 280/280/280 329/329/329 281/281/281
f 329/329/329 330/330/330 281/281/281
f 281/281/281 330/330/330 282/282/282
f 330/330/330 331/331/331 282/282/282
f 282/282/282 331/331/331 283/283/283
f 331/331/331 332/332/332 283/283/283
f 283/283/283 332/332/332 284/284/284
f 332/332/332 333/333/333 284/284/284
f 284/284/284 333/333/333 285/285/285
f 333/333/333 334/334/334 285/285/285
f 285/285/285 334/334/334 286/286/286
f 334/334/334 335/335/335 286/286/286
f 286/286/286 335/335/335 287/287/287
f 335/335/335 336/336/336 287/287/287
f 287/287/287 336/336/336 288/288/288
f 336/336/336 337/337/337 288/288/288
f 288/288/288 337/337/337 289/289/289
f 337/337/337 338/338/338 289/289/289
f 289/289/289 338/338/338 290/290/290
f 338/338/338 339/339/339 290/290/290
f 290/290/290 339/339/339 291/291/291
f 339/339/339 340/340/340 291/291/291
f 291/291/291 340/340/340 292/292/292
f 340/340/340 341/341/341 292/292/292
f 292/292/292 341/341/341 293/293/293
f 341/341/341 342/342/342 293/293/293
f 293/293/293 342/342/342 294/294/294
f 342/342/342 343/343/343 294/294/294
f 295/295/295 344/344/344 296/296/296
f 344/344/344 345/345/345 296/296/296
f 296/296/296 345/345/345 297/297/297
f 345/345/345 346/346/346 297/297/297
f 297/297/297 346/346/346 298/298/298
f 346/346/346 347/347/347 298/298/298
f 298/298/298 347/347/347 299/299/299
f 347/347/347 348/348/348 299/299/299
f 299/299/299 348/348/348 300/300/300
f 348/348/348 349/349/349 300/300/300
f 300/300/300 349/349/349 301/301/301
f 349/349/349 350/350/350 301/301/301
f 301/301/301 350/350/350 302/302/302
f 350/350/350 351/351/351 302/302/302
f 302/302/302 351/351/351 303/303/303
f 351/351/351 352/352/352 303/303/303
f 303/303/303 352/352/352 304/304/304
f 352/352/352 353/353/353 304/304/304
f 304/304/304 353/353/353 305/305/305
f 353/353/353 354/354/354 305/305/305
f 305/305/305 354/354/354 306/306/306
f 354/354/354 355/355/355 306/306/306
f 306/306/306 355/355/355 307/307/307
f 355/355/355 356/356/356 307/307/307
f 307/307/307 356/356/356 308/308/308
f 356/356/356 357/357/357 308/308/308
f 308/308/308 357/357/357 309/309/309
f 357/357/357 358/358/358 309/309/309
f 309/309/309 358/358/358 310/310/310
f 358/358/358 359/359/359 310/310/310
f 310/310/310 359/359/359 311/311/311
f 359/359/359 360/360/360 311/311/311
f 311/311/311 360/360/360 312/312/312
f 360/360/360 361/361/361 312/312/312
f 312/312/312 361/361/361 313/313/313
f 361/361/361 362/362/362 313/313/313
f 313/313/313 362/362/362 314/314/314
f 362/362/362 363/363/363 314/314/314
f 314/314/314 363/363/363 315/315/315
f 363/363/363 364/364/364 315/315/315
f 315/315/315 364/364/364 316/316/316
f 364/364/364 365/365/365 316/316/316
f 316/316/316 365/365/365 317/317/317
f 365/365/365 366/366/366 317/317/317
f 317/317/317 366/366/366 318/318/318
f 366/366/366 367/367/367 318/318/318
f 318/318/318 367/367/367 319/319/319
f 367/367/367 368/368/368 319/319/319
f 319/319/319 368/368/368 320/320/320
f 368/368/368 369/369/369 320/320/320
f 320/320/320 369/369/369 321/321/321
f 369/369/369 370/370/370 321/321/321
f 321/321/321 370/370/370 322/322/322
f 370/370/370 371/371/371 322/322/322
f 322/322/322 371/371/371 323/323/323
f 371/371/371 372/372/372 323/323/323
f 323/323/323 372/372/372 324/324/324
f 372/372/372 373/373/373 324/324/324
f 324/324/324 373/373/373 325/325/325
f 373/373/373 374/374/374 325/325/325
f 325/325/325 374/374/374 326/326/326
f 374/374/374 375/375/375 326/326/326
f 326/326/326 375/375/375 327/327/327
f 375/375/375 376/376/376 327/327/327
f 327/327/327 376/376/376 328/328/328
f 376/376/376 377/377/377 328/328/328
f 328/328/328 377/377/377 329/329/329
f 377/377/377 378/378/378 329/329/329
f 329/329/329 378/378/378 330/330/330
f 378/378/378 379/379/379 330/330/330
f 330/330/330 379/379/379 331/331/331
f 379/379/379 380/380/380 331/331/331
f 331/331/331 380/380/380 332/332/332
f 380/380/380 381/381/381 332/332/332
f 332/332/332 381/381/381 333/333/333
f 381/381/381 382/382/382 333/333/333
f 333/333/333 382/382/382 334/334/334
f 382/382/382 383/383/383 334/334/334
f 334/334/334 383/383/383 335/335/335
f 383/383/383 384/384/384 335/335/335
f 335/335/335 384/384/384 336/336/336
f 384/384/384 385/385/385 336/336/336
f 336/336/336 385/385/385 337/337/337
f 385/385/385 386/386/386 337/337/337
f 337/337/337 386/386/386 338/338/338
f 386/386/386 387/387/387 338/338/338
f 338/338/338 387/387/387 339/339/339
f 387/387/387 388/388/388 339/339/339
f 339/339/339 388/388/388 340/340/340
f 388/388/388 389/389/389 340/340/340
f 340/340/340 389/389/389 341/341/341
f 389/389/389 390/390/390 341/341/341
f 341/341/341 390/390/390 342/342/342
f 390/390/390 391/391/391 342/342/342
f 342/342/342 391/391/391 343/343/343
f 391/391/391 392/392/392 343/343/343
f 344/344/344 393/393/393 345/345/345
f 393/393/393 394/394/394 345/345/345
f 345/345/345 394/394/394 346/346/346
f 394/394/394 395/395/395 346/346/346
f 346/346/346 395/395/395 347/347/347
f 395/395/395 396/396/396 347/347/347
f 347/347/347 396/396/396 348/348/348
f 396/396/396 397/397/397 348/348/348
f 348/348/348 397/397/397 349/349/349
f 397/397/397 398/398/398 349/349/349
f 349/349/349 398/398/398 350/350/350
f 398/398/398 399/399/399 350/350/350
f 350/350/350 399/399/399 351/351/351
f 399/399/399 400/400/400 351/351/351
f 351/351/351 400/400/400 352/352/352
f 400/400/400 401/401/401 352/352/352
f 352/352/352 401/401/401 353/353/353
f 401/401/401 402/402/402 353/353/353
f 353/353/353 402/402/402 354/354/354
f 402/402/402 403/403/403 354/354/354
f 354/354/354 403/403/403 355/355/355
f 403/403/403 404/404/404 355/355/355
f 355/355/355 404/404/404 356/356/356
f 404/404/404 405/405/405 356/356/356
f 356/356/356 405/405/405 357/357/357
f 405/405/405 406/406/406 357/357/357
f 357/357/357 406/406/406 358/358/358
f 406/406/406 407/407/407 358/358/358
f 358/358/358 407/407/407 359/359/359
f 407/407/407 408/408/408 359/359/359
f 359/359/359 408/408/408 360/360/360
f 408/408/408 409/409/409 360/360/360
f 360/360/360 409/409/409 361/361/361
f 409/409/409 410/410/410 361/361/361
f 361/361/361 410/410/410 362/362/362
f 410/410/410 411/411/411 362/362/362
f 362/362/362 411/411/411 363/363/363
f 411/411/411 412/412/412 363/363/363
f 363/363/363 412/412/412 364/364/364
f 412/412/412 413/413/413 364/364/364
f 364/364/364 413/413/413 365/365/365
f 413/413/413 414/414/414 365/365/365
f 365/365/365 414/414/414 366/366/366
f 414/414/414 415/415/415 366/366/366
f 366/366/366 415/415/415 367/367/367
f 415/415/415 416/416/416 367/367/367
f 367/367/367 416/416/416 368/368/368
f 416/416/416 417/417/417 368/368/368
f 368/368/368 417/417/417 369/369/369
f 417/417/417 418/418/418 369/369/369
f 369/369/369 418/418/418 370/370/370
f 418/418/418 419/419/419 370/370/370
f 370/370/370 419/419/419 371/371/371
f 419/419/419 420/420/420 371/371/371
f 371/371/371 420/420/420 372/372/372
f 420/420/420 421/421/421 372/372/372
f 372/372/372 421/421/421 373/373/373
f 421/421/421 422/422/422 373/373/373
f 373/373/373 422/422/422 374/374/374
f 422/422/422 423/423/423 374/374/374
f 374/374/374 423/423/423 375/375/375
f 423/423/423 424/424/424 375/375/375
f 375/375/375 424/424/424 376/376/376
f 424/424/424 425/425/425 376/376/376
f 376/376/376 425/425/425 377/377/377
f 425/425/425 426/426/426 377/377/377
f 377/377/377 426/426/426 378/378/378
f 426/426/426 427/427/427 378/378/378
f 378/378/378 427/427/427 379/379/379
f 427/427/427 428/428/428 379/379/379
f 379/379/379 428/428/428 380/380/380
f 428/428/428 429/429/429 380/380/380
f 380/380/380 429/429/429 381/381/381
f 429/429/429 430/430/430 381/381/381
f 381/381/381 430/430/430 382/382/382
f 430/430/430 431/431/431 382/382/382
f 382/382/382 431/431/431 383/383/383
f 431/431/431 432/432/432 383/383/383
f 383/383/383 432/432/432 384/384/384
f 432/432/432 433/433/433 384/384/384
f 384/384/384 433/433/433 385/385/385
f 433/433/433 434/434/434 385/385/385
f 385/385/385 434/434/434 386/386/386
f 434/434/434 435/435/435 386/386/386
f 386/386/386 435/435/435 387/387/387
f 435/435/435 436/436/436 387/387/387
f 387/387/387 436/436/436 388/388/388
f 436/436/436 437/437/437 388/388/388
f 388/388/388 437/437/437 389/389/389
f 437/437/437 438/438/438 389/389/389
f 389/389/389 438/438/438 390/390/390
f 438/438/438 439/439/439 390/390/390
f 390/390/390 439/439/439 391/391/391
f 439/439/439 440/440/440 391/391/391
f 391/391/391 440/440/440 392/392/392
f 440/440/440 441/441/441 392/392/392
f 393/393/393 442/442/442 394/394/394
f 442/442/442 443/443/443 394/394/394
f 394/394/394 443/443/443 395/395/395
f 443/443/443 444/444/444 395/395/395
f 395/395/395 444/444/444 396/396/396
f 444/444/444 445/445/445 396/396/396
f 396/396/396 445/445/445 397/397/397
f 445/445/445 446/446/446 397/397/397
f 397/397/397 446/446/446 398/398/398
f 446/446/446 447/447/447 398/398/398
f 398/398/398 447/447/447 399/399/399
f 447/447/447 448/448/448 399/399/399
f 399/399/399 448/448/448 400/400/400
f 448/448/448 449/449/449 400/400/400
f 400/400/400 449/449/449 401/401/401
f 449/449/449 450/450/450 401/401/401
f 401/401/401 450/450/450 402/402/402
f 450/450/450 451/451/451 402/402/402
f 402/402/402 451/451/451 403/403/403
f 451/451/451 452/452/452 403/403/403
f 403/403/403 452/452/452 404/404/404
f 452/452/452 453/453/453 404/404/404
f 404/404/404 453/453/453 405/405/405
f 453/453/453 454/454/454 405/405/405
f 405/405/405 454/454/454 406/406/406
f 454/454/454 455/455/455 406/406/406
f 406/406/406 455/455/455 407/407/407
f 455/455/455 456/456/456 407/407/407
f 407/407/407 456/456/456 408/408/408
f 456/456/456 457/457/457 408/408/408
f 408/408/408 457/457/457 409/409/409
f 457/457/457 458/458/458 409/409/409
f 409/409/409 458/458/458 410/410/410
f 458/458/458 459/459/459 410/410/410
f 410/410/410 459/459/459 411/411/411
f 459/459/459 460/460/460 411/411/411
f 411/411/411 460/460/460 412/412/412
f 460/460/460 461/461/461 412/412/412
f 412/412/412 461/461/461 413/413/413
f 461/461/461 462/462/462 413/413/413
f 413/413/413 462/462/462 414/414/414
f 462/462/462 463/463/463 414/414/414
f 414/414/414 463/463/463 415/415/415
f 463/463/463 464/464/464 415/415/415
f 415/415/415 464/464/464 416/416/416
f 464/464/464 465/465/465 416/416/416
f 416/416/416 465/465/465 417/417/417
f 465/465/465 466/466/466 417/417/417
f 417/417/417 466/466/466 418/418/418
f 466/466/466 467/467/467 418/418/418
f 418/418/418 467/467/467 419/419/419
f 467/467/467 468/468/468 419/419/419
f 419/419/419 468/468/468 420/420/420
f 468/468/468 469/469/469 420/420/420
f 420/420/420 469/469/469 421/421/421
f 469/469/469 470/470/470 421/421/421
f 421/421/421 470/470/470 422/422/422
f 470/470/470 471/471/471 422/422/422
f 422/422/422 471/471/471 423/423/423
f 471/471/471 472/472/472 423/423/423
f 423/423/423 472/472/472 424/424/424
f 472/472/472 473/473/473 424/424/424
f 424/424/424 473/473/473 425/425/425
f 473/473/473 474/474/474 425/425/425
f 425/425/425 474/474/474 426/426/426
f 474/474/474 475/475/475 426/426/426
f 426/426/426 475/475/475 427/427/427
f 475/475/475 476/476/476 427/427/427
f 427/427/427 476/476/476 428/428/428
f 476/476/476 477/477/477 428/428/428
f 428/428/428 477/477/477 429/429/429
f 477/477/477 478/478/478 429/429/429
f 429/429/429 478/478/478 430/430/430
f 478/478/478 479/479/479 430/430/430
f 430/430/430 479/479/479 431/431/431
f 479/479/479 480/480/480 431/431/431
f 431/431/431 480/480/480 432/432/432
f 480/480/480 481/481/481 432/432/432
f 432/432/432 481/481/481 433/433/433
f 481/481/481 482/482/482 433/433/433
f 433/433/433 482/482/482 434/434/434
f 482/482/482 483/483/483 434/434/434
f 434/434/434 483/483/483 435/435/435
f 483/483/483 484/484/484 435/435/435
f 435/435/435 484/484/484 436/436/436
f 484/484/484 485/485/485 436/436/436
f 436/436/436 485/485/485 437/437/437
f 485/485/485 486/486/486 437/437/437
f 437/437/437 486/486/486 438/438/438
f 486/486/486 487/487/487 438/438/438
f 438/438/438 487/487/487 439/439/439
f 487/487/487 488/488/488 439/439/439
f 439/439/439 488/488/488 440/440/440
f 488/488/488 489/489/489 440/440/440
f 440/440/440 489/489/489 441/441/441
f 489/489/489 490/490/490 441/441/441
f 442/442/442 491/491/491 443/443/443
f 491/491/491 492/492/492 443/443/443
f 443/443/443 492/492/492 444/444/444
f 492/492/492 493/493/493 444/444/444
f 444/444/444 493/493/493 445/445/445
f 493/493/493 494/494/494 445/445/445
f 445/445/445 494/494/494 446/446/446
f 494/494/494 495/495/495 446/446/446
f 446/446/446 495/495/495 447/447/447
f 495/495/495 496/496/496 447/447/447
f 447/447/447 496/496/496 448/448/448
f 496/496/496 497/497/497 448/448/448
f 448/448/448 497/497/497 449/449/449
f 497/497/497 498/498/498 449/449/449
f 449/449/449 498/498/498 450/450/450
f 498/498/498 499/499/499 450/450/450
f 450/450/450 499/499/499 451/451/451
f 499/499/499 500/500/500 451/451/451
f 451/451/451 500/500/500 452/452/452
f 500/500/500 501/501/501 452/452/452
f 452/452/452 501/501/501 453/453/453
f 501/501/501 502/502/502 453/453/453
f 453/453/453 502/502/502 454/454/454
f 502/502/502 503/503/503 454/454/454
f 454/454/454 503/503/503 455/455/455
f 503/503/503 504/504/504 455/455/455
f 455/455/455 504/504/504 456/456/456
f 504/504/504 505/505/505 456/456/456
f 456/456/456 505/505/505 457/457/457
f 505/505/505 506/506/506 457/457/457
f 457/457/457 506/506/506 458/458/458
f 506/506/506 507/507/507 458/458/458
f 458/458/458 507/507/507 459/459/459
f 507/507/507 508/508/508 459/459/459
f 459/459/459 508/508/508 460/460/460
f 508/508/508 509/509/509 460/460/460
f 460/460/460 509/509/509 461/461/461
f 509/509/509 510/510/510 461/461/461
f 461/461/461 510/510/510 462/462/462
f 510/510/510 511/511/511 462/462/462
f 462/462/462 511/511/511 463/463/463
f 511/511/511 512/512/512 463/463/463
f 463/463/463 512/512/512 464/464/464
f 512/512/512 513/513/513 464/464/464
f 464/464/464 513/513/513 465/465/465
f 513/513/513 514/514/514 465/465/465
f 465/465/465 514/514/514 466/466/466
f 514/514/514 515/515/515 466/466/466
f 466/466/466 515/515/515 467/467/467
f 515/515/515 516/516/516 467/467/467
f 467/467/467 516/516/516 468/468/468
f 516/516/516 517/517/517 468/468/468
f 468/468/468 517/517/517 469/469/469
f 517/517/517 518/518/518 469/469/469
f 469/469/469 518/518/518 470/470/470
f 518/518/518 519/519/519 470/470/470
f 470/470/470 519/519/519 471/471/471
f 519/519/519 520/520/520 471/471/471
f 471/471/471 520/520/520 472/472/472
f 520/520/520 521/521/521 472/472/472
f 472/472/472 521/521/521 473/473/473
f 521/521/521 522/522/522 473/473/473
f 473/473/473 522/522/522 474/474/474
f 522/522/522 523/523/523 474/474/474
f 474/474/474 523/523/523 475/475/475
f 523/523/523 524/524/524 475/475/475
f 475/475/475 524/524/524 476/476/476
f 524/524/524 525/525/525 476/476/476
f 476/476/476 525/525/525 477/477/477
f 525/525/525 526/526/526 477/477/477
f 477/477/477 526/526/526 478/478/478
f 526/526/526 527/527/527 478/478/478
f 478/478/478 527/527/527 479/479/479
f 527/527/527 528/528/528 479/479/479
f 479/479/479 528/528/528 480/480/480
f 528/528/528 529/529/529 480/480/480
f 480/480/480 529/529/529 481/481/481
f 529/529/529 530/530/530 481/481/481
f 481/481/481 530/530/530 482/482/482
f 530/530/530 531/531/531 482/482/482
f 482/482/482 531/531/531 483/483/483
f 531/531/531 532/532/532 483/483/483
f 483/483/483 532/532/532 484/484/484
f 532/532/532 533/533/533 484/484/484
f 484/484/484 533/533/533 485/485/485
f 533/533/533 534/534/534 485/485/485
f 485/485/485 534/534/534 486/486/486
f 534/534/534 535/535/535 486/486/486
f 486/486/486 535/535/535 487/487/487
f 535/535/535 536/536/536 487/487/487
f 487/487/487 536/536/536 488/488/488
f 536/536/536 537/537/537 488/488/488
f 488/488/488 537/537/537 489/489/489
f 537/537/537 538/538/538 489/489/489
f 489/489/489 538/538/538 490/490/490
f 538/538/538 539/539/539 490/490/490
f 491/491/491 540/540/540 492/492/492
f 540/540/540 541/541/541 492/492/492
f 492/492/492 541/541/541 493/493/493
f 541/541/541 542/542/542 493/493/493
f 493/493/493 542/542/542 494/494/494
f 542/542/542 543/543/543 494/494/494
f 494/494/494 543/543/543 495/495/495
f 543/543/543 544/544/544 495/495/495
f 495/495/495 544/544/544 496/496/496
f 544/544/544 545/545/545 496/496/496
f 496/496/496 545/545/545 497/497/497
f 545/545/545 546/546/546 497/497/497
f 497/497/497 546/546/546 498/498/498
f 546/546/546 547/547/547 498/498/498
f 498/498/498 547/547/547 499/499/499
f 547/547/547 548/548/548 499/499/499
f 499/499/499 548/548/548 500/500/500
f 548/548/548 549/549/549 500/500/500
f 500/500/500 549/549/549 501/501/501
f 549/549/549 550/550/550 501/501/501
f 501/501/501 550/550/550 502/502/502
f 550/550/550 551/551/551 502/502/502
f 502/502/502 551/551/551 503/503/503
f 551/551/551 552/552/552 503/503/503
f 503/503/503 552/552/552 504/504/504
f 552/552/552 553/553/553 504/504/504
f 504/504/504 553/553/553 505/505/505
f 553/553/553 554/554/554 505/505/505
f 505/505/505 554/554/554 506/506/506
f 554/554/554 555/555/555 506/506/506
f 506/506/506 555/555/555 507/507/507
f 555/555/555 556/556/556 507/507/507
f 507/507/507 556/556/556 508/508/508
f 556/556/556 557/557/557 508/508/508
f 508/508/508 557/557/557 509/509/509
f 557/557/557 558/558/558 509/509/509
f 509/509/509 558/558/558 510/510/510
f 558/558/558 559/559/559 510/510/510
f 510/510/510 559/559/559 511/511/511
f 559/559/559 560/560/560 511/511/511
f 511/511/511 560/560/560 512/512/512
f 560/560/560 561/561/561 512/512/512
f 512/512/512 561/561/561 513/513/513
f 561/561/561 562/562/562 513/513/513
f 513/513/513 562/562/562 514/514/514
f 562/562/562 563/563/563 514/514/514
f 514/514/514 563/563/563 515/515/515
f 563/563/563 564/564/564 515/515/515
f 515/515/515 564/564/564 516/516/516
f 564/564/564 565/565/565 516/516/516
f 516/516/516 565/565/565 517/517/517
f 565/565/565 566/566/566 517/517/517
f 517/517/517 566/566/566 518/518/518
f 566/566/566 567/567/567 518/518/518
f 518/518/518 567/567/567 519/519/519
f 567/567/567 568/568/568 519/519/519
f 519/519/519 568/568/568 520/520/520
f 568/568/568 569/569/569 520/520/520
f 520/520/520 569/569/569 521/521/521
f 569/569/569 570/570/570 521/521/521
f 521/521/521 570/570/570 522/522/522
f 570/570/570 571/571/571 522/522/522
f 522/522/522 571/571/571 523/523/523
f 571/571/571 572/572/572 523/523/523
f 523/523/523 572/572/572 524/524/524
f 572/572/572 573/573/573 524/524/524
f 524/524/524 573/573/573 525/525/525
f 573/573/573 574/574/574 525/525/525
f 525/525/525 574/574/574 526/526/526
f 574/574/574 575/575/575 526/526/526
f 526/526/526 575/575/575 527/527/527
f 575/575/575 576/576/576 527/527/527
f 527/527/527 576/576/576 528/528/528
f 576/576/576 577/577/577 528/528/528
f 528/528/528 577/577/577 529/529/529
f 577/577/577 578/578/578 529/529/529
f 529/529/529 578/578/578 530/530/530
f 578/578/578 579/579/579 530/530/530
f 530/530/530 579/579/579 531/531/531
f 579/579/579 580/580/580 531/531/531
f 531/531/531 580/580/580 532/532/532
f 580/580/580 581/581/581 532/532/532
f 532/532/532 581/581/581 533/533/533
f 581/581/581 582/582/582 533/533/533
f 533/533/533 582/582/582 534/534/534
f 582/582/582 583/583/583 534/534/534
f 534/534/534 583/583/583 535/535/535
f 583/583/583 584/584/584 535/535/535
f 535/535/535 584/584/584 536/536/536
f 584/584/584 585/585/585 536/536/536
f 536/536/536 585/585/585 537/537/537
f 585/585/585 586/586/586 537/537/537
f 537/537/537 586/586/586 538/538/538
f 586/586/586 587/587/587 538/538/538
f 538/538/538 587/587/587 539/539/539
f 587/587/587 588/588/588 539/539/539
f 540/540/540 589/589/589 541/541/541
f 589/589/589 590/590/590 541/541/541
f 541/541/541 590/590/590 542/542/542
f 590/590/590 591/591/591 542/542/542
f 542/542/542 591/591/591 543/543/543
f 591/591/591 592/592/592 543/543/543
f 543/543/543 592/592/592 544/544/544
f 592/592/592 593/593/593 544/544/544
f 544/544/544 593/593/593 545/545/545
f 593/593/593 594/594/594 545/545/545
f 545/545/545 594/594/594 546/546/546
f 594/594/594 595/595/595 546/546/546
f 546/546/546 595/595/595 547/547/547
f 595/595/595 596/596/596 547/547/547
f 547/547/547 596/596/596 548/548/548
f 596/596/596 597/597/597 548/548/548
f 548/548/548 597/597/597 549/549/549
f 597/597/597 598/598/598 549/549/549
f 549/549/549 598/598/598 550/550/550
f 598/598/598 599/599/599 550/550/550
f 550/550/550 599/599/599 551/551/551
f 599/599/599 600/600/600 551/551/551
f 551/551/551 600/600/600 552/552/552
f 600/600/600 601/601/601 552/552/552
f 552/552/552 601/601/601 553/553/553
f 601/601/601 602/602/602 553/553/553
f 553/553/553 602/602/602 554/554/554
f 602/602/602 603/603/603 554/554/554
f 554/554/554 603/603/603 555/555/555
f 603/603/603 604/604/604 555/555/555
f 555/555/555 604/604/604 556/556/556
f 604/604/604 605/605/605 556/556/556
f 556/556/556 605/605/605 557/557/557
f 605/605/605 606/606/606 557/557/557
f 557/557/557 606/606/606 558/558/558
f 606/606/606 607/607/607 558/558/558
f 558/558/558 607/607/607 559/559/559
f 607/607/607 608/608/608 559/559/559
f 559/559/559 608/608/608 560/560/560
f 608/608/608 609/609/609 560/560/560
f 560/560/560 609/609/609 561/561/561
f 609/609/609 610/610/610 561/561/561
f 561/561/561 610/610/610 562/562/562
f 610/610/610 611/611/611 562/562/562
f 562/562/562 611/611/611 563/563/563
f 611/611/611 612/612/612 563/563/563
f 563/563/563 612/612/612 564/564/564
f 612/612/612 613/613/613 564/564/564
f 564/564/564 613/613/613 565/565/565
f 613/613/613 614/614/614 565/565/565
f 565/565/565 614/614/614 566/566/566
f 614/614/614 615/615/615 566/566/566
f 566/566/566 615/615/615 567/567/567
f 615/615/615 616/616/616 567/567/567
f 567/567/567 616/616/616 568/568/568
f 616/616/616 617/617/617 568/568/568
f 568/568/568 617/617/617 569/569/569
f 617/617/617 618/618/618 569/569/569
f 569/569/569 618/618/618 570/570/570
f 618/618/618 619/619/619 570/570/570
f 570/570/570 619/619/619 571/571/571
f 619/619/619 620/620/620 571/571/571
f 571/571/571 620/620/620 572/572/572
f 620/620/620 621/621/621 572/572/572
f 572/572/572 621/621/621 573/573/573
f 621/621/621 622/622/622 573/573/573
f 573/573/573 622/622/622 574/574/574
f 622/622/622 623/623/623 574/574/574
f 574/574/574 623/623/623 575/575/575
f 623/623/623 624/624/624 575/575/575
f 575/575/575 624/624/624 576/576/576
f 624/624/624 625/625/625 576/576/576
f 576/576/576 625/625/625 577/577/577
f 625/625/625 626/626/626 577/577/577
f 577/577/577 626/626/626 578/578/578
f 626/626/626 627/627/627 578/578/578
f 578/578/578 627/627/627 579/579/579
f 627/627/627 628/628/628 579/579/579
f 579/579/579 628/628/628 580/580/580
f 628/628/628 629/629/629 580/580/580
f 580/580/580 629/629/629 581/581/581
f 629/629/629 630/630/630 581/581/581
f 581/581/581 630/630/630 582/582/582
f 630/630/630 631/631/631 582/582/582
f 582/582/582 631/631/631 583/583/583
f 631/631/631 632/632/632 583/583/583
f 583/583/583 632/632/632 584/584/584
f 632/632/632 633/633/633 584/584/584
f 584/584/584 633/633/633 585/585/585
f 633/633/633 634/634/634 585/585/585
f 585/585/585 634/634/634 586/586/586
f 634/634/634 635/635/635 586/586/586
f 586/586/586 635/635/635 587/587/587
f 635/635/635 636/636/636 587/587/587
f 587/587/587 636/636/636 588/588/588
f 636/636/636 637/637/637 588/588/588
f 589/589/589 638/638/638 590/590/590
f 638/638/638 639/639/639 590/590/590
f 590/590/590 639/639/639 591/591/591
f 639/639/639 640/640/640 591/591/591
f 591/591/591 640/640/640 592/592/592
f 640/640/640 641/641/641 592/592/592
f 592/592/592 641/641/641 593/593/593
f 641/641/641 642/642/642 593/593/593
f 593/593/593 642/642/642 594/594/594
f 642/642/642 643/643/643 594/594/594
f 594/594/594 643/643/643 595/595/595
f 643/643/643 644/644/644 595/595/595
f 595/595/595 644/644/644 596/596/596
f 644/644/644 645/645/645 596/596/596
f 596/596/596 645/645/645 597/597/597
f 645/645/645 646/646/646 597/597/597
f 597/597/597 646/646/646 598/598/598
f 646/646/646 647/647/647 598/598/598
f 598/598/598 647/647/647 599/599/599
f 647/647/647 648/648/648 599/599/599
f 599/599/599 648/648/648 600/600/600
f 648/648/648 649/649/649 600/600/600
f 600/600/600 649/649/649 601/601/601
f 649/649/649 650/650/650 601/601/601
f 601/601/601 650/650/650 602/602/602
f 650/650/650 651/651/651 602/602/602
f 602/602/602 651/651/651 603/603/603
f 651/651/651 652/652/652 603/603/603
f 603/603/603 652/652/652 604/604/604
f 652/652/652 653/653/653 604/604/604
f 604/604/604 653/653/653 605/605/605
f 653/653/653 654/654/654 605/605/605
f 605/605/605 654/654/654 606/606/606
f 654/654/654 655/655/655 606/606/606
f 606/606/606 655/655/655 607/607/607
f 655/655/655 656/656/656 607/607/607
f 607/607/607 656/656/656 608/608/608
f 656/656/656 657/657/657 608/608/608
f 608/608/608 657/657/657 609/609/609
f 657/657/657 658/658/658 609/609/609
f 609/609/609 658/658/658 610/610/610
f 658/658/658 659/659/659 610/610/610
f 610/610/610 659/659/659 611/611/611
f 659/659/659 660/660/660 611/611/611
f 611/611/611 660/660/660 612/612/612
f 660/660/660 661/661/661 612/612/612
f 612/612/612 661/661/661 613/613/613
f 661/661/661 662/662/662 613/613/613
f 613/613/613 662/662/662 614/614/614
f 662/662/662 663/663/663 614/614/614
f 614/614/614 663/663/663 615/615/615
f 663/663/663 664/664/664 615/615/615
f 615/615/615 664/664/664 616/616/616
f 664/664/664 665/665/665 616/616/616
f 616/616/616 665/665/665 617/617/617
f 665/665/665 666/666/666 617/617/617
f 617/617/617 666/666/666 618/618/618
f 666/666/666 667/667/667 618/618/618
f 618/618/618 667/667/667 619/619/619
f 667/667/667 668/668/668 619/619/619
f 619/619/619 668/668/668 620/620/620
f 668/668/668 669/669/669 620/620/620
f 620/620/620 669/669/669 621/621/621
f 669/669/669 670/670/670 621/621/621
f 621/621/621 670/670/670 622/622/622
f 670/670/670 671/671/671 622/622/622
f 622/622/622 671/671/671 623/623/623
f 671/671/671 672/672/672 623/623/623
f 623/623/623 672/672/672 624/624/624
f 672/672/672 673/673/673 624/624/624
f 624/624/624 673/673/673 625/625/625
f 673/673/673 674/674/674 625/625/625
f 625/625/625 674/674/674 626/626/626
f 674/674/674 675/675/675 626/626/626
f 626/626/626 675/675/675 627/627/627
f 675/675/675 676/676/676 627/627/627
f 627/627/627 676/676/676 628/628/628
f 676/676/676 677/677/677 628/628/628
f 628/628/628 677/677/677 629/629/629
f 677/677/677 678/678/678 629/629/629
f 629/629/629 678/678/678 630/630/630
f 678/678/678 679/679/679 630/630/630
f 630/630/630 679/679/679 631/631/631
f 679/679/679 680/680/680 631/631/631
f 631/631/631 680/680/680 632/632/632
f 680/680/680 681/681/681 632/632/632
f 632/632/632 681/681/681 633/633/633
f 681/681/681 682/682/682 633/633/633
f 633/633/633 682/682/682 634/634/634
f 682/682/682 683/683/683 634/634/634
f 634/634/634 683/683/683 635/635/635
f 683/683/683 684/684/684 635/635/635
f 635/635/635 684/684/684 636/636/636
f 684/684/684 685/685/685 636/636/636
f 636/636/636 685/685/685 637/637/637
f 685/685/685 686/686/686 637/637/637
f 638/638/638 687/687/687 639/639/639
f 687/687/687 688/688/688 639/639/639
f 639/639/639 688/688/688 640/640/640
f 688/688/688 689/689/689 640/640/640
f 640/640/640 689/689/689 641/641/641
f 689/689/689 690/690/690 641/641/641
f 641/641/641 690/690/690 642/642/642
f 690/690/690 691/691/691 642/642/642
f 642/642/642 691/691/691 643/643/643
f 691/691/691 692/692/692 643/643/643
f 643/643/643 692/692/692 644/644/644
f 692/692/692 693/693/693 644/644/644
f 644/644/644 693/693/693 645/645/645
f 693/693/693 694/694/694 645/645/645
f 645/645/645 694/694/694 646/646/646
f 694/694/694 695/695/695 646/646/646
f 646/646/646 695/695/695 647/647/647
f 695/695/695 696/696/696 647/647/647
f 647/647/647 696/696/696 648/648/648
f 696/696/696 697/697/697 648/648/648
f 648/648/648 697/697/697 649/649/649
f 697/697/697 698/698/698 649/649/649
f 649/649/649 698/698/698 650/650/650
f 698/698/698 699/699/699 650/650/650
f 650/650/650 699/699/699 651/651/651
f 699/699/699 700/700/700 651/651/651
f 651/651/651 700/700/700 652/652/652
f 700/700/700 701/701/701 652/652/652
f 652/652/652 701/701/701 653/653/653
f 701/701/701 702/702/702 653/653/653
f 653/653/653 702/702/702 654/654/654
f 702/702/702 703/703/703 654/654/654
f 654/654/654 703/703/703 655/655/655
f 703/703/703 704/704/704 655/655/655
f 655/655/655 704/704/704 656/656/656
f 704/704/704 705/705/705 656/656/656
f 656/656/656 705/705/705 657/657/657
f 705/705/705 706/706/706 657/657/657
f 657/657/657 706/706/706 658/658/658
f 706/706/706 707/707/707 658/658/658
f 658/658/658 707/707/707 659/659/659
f 707/707/707 708/708/708 659/659/659
f 659/659/659 708/708/708 660/660/660
f 708/708/708 709/709/709 660/660/660
f 660/660/660 709/709/709 661/661/661
f 709/709/709 710/710/710 661/661/661
f 661/661/661 710/710/710 662/662/662
f 710/710/710 711/711/711 662/662/662
f 662/662/662 711/711/711 663/663/663
f 711/711/711 712/712/712 663/663/663
f 663/663/663 712/712/712 664/664/664
f 712/712/712 713/713/713 664/664/664
f 664/664/664 713/713/713 665/665/665
f 713/713/713 714/714/714 665/665/665
f 665/665/665 714/714/714 666/666/666
f 714/714/714 715/715/715 666/666/666
f 666/666/666 715/715/715 667/667/667
f 715/715/715 716/716/716 667/667/667
f 667/667/667 716/716/716 668/668/668
f 716/716/716 717/717/717 668/668/668
f 668/668/668 717/717/717 669/669/669
f 717/717/717 718/718/718 669/669/669
f 669/669/669 718/718/718 670/670/670
f 718/718/718 719/719/719 670/670/670
f 670/670/670 719/719/719 671/671/671
f 719/719/719 720/720/720 671/671/671
f 671/671/671 720/720/720 672/672/672
f 720/720/720 721/721/721 672/672/672
f 672/672/672 721/721/721 673/673/673
f 721/721/721 722/722/722 673/673/673
f 673/673/673 722/722/722 674/674/674
f 722/722/722 723/723/723 674/674/674
f 674/674/674 723/723/723 675/675/675
f 723/723/723 724/724/724 675/675/675
f 675/675/675 724/724/724 676/676/676
f 724/724/724 725/725/725 676/676/676
f 676/676/676 725/725/725 677/677/677
f 725/725/725 726/726/726 677/677/677
f 677/677/677 726/726/726 678/678/678
f 726/726/726 727/727/727 678/678/678
f 678/678/678 727/727/727 679/679/679
f 727/727/727 728/728/728 679/679/679
f 679/679/679 728/728/728 680/680/680
f 728/728/728 729/729/729 680/680/680
f 680/680/680 729/729/729 681/681/681
f 729/729/729 730/730/730 681/681/681
f 681/681/681 730/730/730 682/682/682
f 730/730/730 731/731/731 682/682/682
f 682/682/682 731/731/731 683/683/683
f 731/731/731 732/732/732 683/683/683
f 683/683/683 732/732/732 684/684/684
f 732/732/732 733/733/733 684/684/684
f 684/684/684 733/733/733 685/685/685
f 733/733/733 734/734/734 685/685/685
f 685/685/685 734/734/734 686/686/686
f 734/734/734 735/735/735 686/686/686
f 687/687/687 736/736/736 688/688/688
f 736/736/736 737/737/737 688/688/688
f 688/688/688 737/737/737 689/689/689
f 737/737/737 738/738/738 689/689/689
f 689/689/689 738/738/738 690/690/690
f 738/738/738 739/739/739 690/690/690
f 690/690/690 739/739/739 691/691/691
f 739/739/739 740/740/740 691/691/691
f 691/691/691 740/740/740 692/692/692
f 740/740/740 741/741/741 692/692/692
f 692/692/692 741/741/741 693/693/693
f 741/741/741 742/742/742 693/693/693
f 693/693/693 742/742/742 694/694/694
f 742/742/742 743/743/743 694/694/694
f 694/694/694 743/743/743 695/695/695
f 743/743/743 744/744/744 695/695/695
f 695/695/695 744/744/744 696/696/696
f 744/744/744 745/745/745 696/696/696
f 696/696/696 745/745/745 697/697/697
f 745/745/745 746/746/746 697/697/697
f 697/697/697 746/746/746 698/698/698
f 746/746/746 747/747/747 698/698/698
f 698/698/698 747/747/747 699/699/699
f 747/747/747 748/748/748 699/699/699
f 699/699/699 748/748/748 700/700/700
f 748/748/748 749/749/749 700/700/700
f 700/700/700 749/749/749 701/701/701
f 749/749/749 750/750/750 701/701/701
f 701/701/701 750/750/750 702/702/702
f 750/750/750 751/751/751 702/702/702
f 702/702/702 751/751/751 703/703/703
f 751/751/751 752/752/752 703/703/703
f 703/703/703 752/752/752 704/704/704
f 752/752/752 753/753/753 704/704/704
f 704/704/704 753/753/753 705/705/705
f 753/753/753 754/754/754 705/705/705
f 705/705/705 754/754/754 706/706/706
f 754/754/754 755/755/755 706/706/706
f 706/706/706 755/755/755 707/707/707
f 755/755/755 756/756/756 707/707/707
f 707/707/707 756/756/756 708/708/708
f 756/756/756 757/757/757 708/708/708
f 708/708/708 757/757/757 709/709/709
f 757/757/757 758/758/758 709/709/709
f 709/709/709 758/758/758 710/710/710
f 758/758/758 759/759/759 710/710/710
f 710/710/710 759/759/759 711/711/711
f 759/759/759 760/760/760 711/711/711
f 711/711/711 760/760/760 712/712/712
f 760/760/760 761/761/761 712/712/712
f 712/712/712 761/761/761 713/713/713
f 761/761/761 762/762/762 713/713/713
f 713/713/713 762/762/762 714/714/714
f 762/762/762 763/763/763 714/714/714
f 714/714/714 763/763/763 715/715/715
f 763/763/763 764/764/764 715/715/715
f 715/715/715 764/764/764 716/716/716
f 764/764/764 765/765/765 716/716/716
f 716/716/716 765/765/765 717/717/717
f 765/765/765 766/766/766 717/717/717
f 717/717/717 766/766/766 718/718/718
f 766/766/766 767/767/767 718/718/718
f 718/718/718 767/767/767 719/719/719
f 767/767/767 768/768/768 719/719/719
f 719/719/719 768/768/768 720/720/720
f 768/768/768 769/769/769 720/720/720
f 720/720/720 769/769/769 721/721/721
f 769/769/769 770/770/770 721/721/721
f 721/721/721 770/770/770 722/722/722
f 770/770/770 771/771/771 722/722/722
f 722/722/722 771/771/771 723/723/723
f 771/771/771 772/772/772 723/723/723
f 723/723/723 772/772/772 724/724/724
f 772/772/772 773/773/773 724/724/724
f 724/724/724 773/773/773 725/725/725
f 773/773/773 774/774/774 725/725/725
f 725/725/725 774/774/774 726/726/726
f 774/774/774 775/775/775 726/726/726
f 726/726/726 775/775/775 727/727/727
f 775/775/775 776/776/776 727/727/727
f 727/727/727 776/776/776 728/728/728
f 776/776/776 777/777/777 728/728/728
f 728/728/728 777/777/777 729/729/729
f 777/777/777 778/778/778 729/729/729
f 729/729/729 778/778/778 730/730/730
f 778/778/778 779/779/779 730/730/730
f 730/730/730 779/779/779 731/731/731
f 779/779/779 780/780/780 731/731/731
f 731/731/731 780/780/780 732/732/732
f 780/780/780 781/781/781 732/732/732
f 732/732/732 781/781/781 733/733/733
f 781/781/781 782/782/782 733/733/733
f 733/733/733 782/782/782 734/734/734
f 782/782/782 783/783/783 734/734/734
f 734/734/734 783/783/783 735/735/735
f 783/783/783 784/784/784 735/735/735
f 736/736/736 785/785/785 737/737/737
f 785/785/785 786/786/786 737/737/737
f 737/737/737 786/786/786 738/738/738
f 786/786/786 787/787/787 738/738/738
f 738/738/738 787/787/787 739/739/739
f 787/787/787 788/788/788 739/739/739
f 739/739/739 788/788/788 740/740/740
f 788/788/788 789/789/789 740/740/740
f 740/740/740 789/789/789 741/741/741
f 789/789/789 790/790/790 741/741/741
f 741/741/741 790/790/790 742/742/742
f 790/790/790 791/791/791 742/742/742
f 742/742/742 791/791/791 743/743/743
f 791/791/791 792/792/792 743/743/743
f 743/743/743 792/792/792 744/744/744
f 792/792/792 793/793/793 744/744/744
f 744/744/744 793/793/793 745/745/745
f 793/793/793 794/794/794 745/745/745
f 745/745/745 794/794/794 746/746/746
f 794/794/794 795/795/795 746/746/746
f 746/746/746 795/795/795 747/747/747
f 795/795/795 796/796/796 747/747/747
f 747/747/747 796/796/796 748/748/748
f 796/796/796 797/797/797 748/748/748
f 748/748/748 797/797/797 749/749/749
f 797/797/797 798/798/798 749/749/749
f 749/749/749 798/798/798 750/750/750
f 798/798/798 799/799/799 750/750/750
f 750/750/750 799/799/799 751/751/751
f 799/799/799 800/800/800 751/751/751
f 751/751/751 800/800/800 752/752/752
f 800/800/800 801/801/801 752/752/752
f 752/752/752 801/801/801 753/753/753
f 801/801/801 802/802/802 753/753/753
f 753/753/753 802/802/802 754/754/754
f 802/802/802 803/803/803 754/754/754
f 754/754/754 803/803/803 755/755/755
f 803/803/803 804/804/804 755/755/755
f 755/755/755 804/804/804 756/756/756
f 804/804/804 805/805/805 756/756/756
f 756/756/756 805/805/805 757/757/757
f 805/805/805 806/806/806 757/757/757
f 757/757/757 806/806/806 758/758/758
f 806/806/806 807/807/807 758/758/758
f 758/758/758 807/807/807 759/759/759
f 807/807/807 808/808/808 759/759/759
f 759/759/759 808/808/808 760/760/760
f 808/808/808 809/809/809 760/760/760
f 760/760/760 809/809/809 761/761/761
f 809/809/809 810/810/810 761/761/761
f 761/761/761 810/810/810 762/762/762
f 810/810/810 811/811/811 762/762/762
f 762/762/762 811/811/811 763/763/763
f 811/811/811 812/812/812 763/763/763
f 763/763/763 812/812/812 764/764/764
f 812/812/812 813/813/813 764/764/764
f 764/764/764 813/813/813 765/765/765
f 813/813/813 814/814/814 765/765/765
f 765/765/765 814/814/814 766/766/766
f 814/814/814 815/815/815 766/766/766
f 766/766/766 815/815/815 767/767/767
f 815/815/815 816/816/816 767/767/767
f 767/767/767 816/816/816 768/768/768
f 816/816/816 817/817/817 768/768/768
f 768/768/768 817/817/817 769/769/769
f 817/817/817 818/818/818 769/769/769
f 769/769/769 818/818/818 770/770/770
f 818/818/818 819/819/819 770/770/770
f 770/770/770 819/819/819 771/771/771
f 819/819/819 820/820/820 771/771/771
f 771/771/771 820/820/820 772/772/772
f 820/820/820 821/821/821 772/772/772
f 772/772/772 821/821/821 773/773/773
f 821/821/821 822/822/822 773/773/773
f 773/773/773 822/822/822 774/774/774
f 822/822/822 823/823/823 774/774/774
f 774/774/774 823/823/823 775/775/775
f 823/823/823 824/824/824 775/775/775
f 775/775/775 824/824/824 776/776/776
f 824/824/824 825/825/825 776/776/776
f 776/776/776 825/825/825 777/777/777
f 825/825/825 826/826/826 777/777/777
f 777/777/777 826/826/826 778/778/778
f 826/826/826 827/827/827 778/778/778
f 778/778/778 827/827/827 779/779/779
f 827/827/827 828/828/828 779/779/779
f 779/779/779 828/828/828 780/780/780
f 828/828/828 829/829/829 780/780/780
f 780/780/780 829/829/829 781/781/781
f 829/829/829 830/830/830 781/781/781
f 781/781/781 830/830/830 782/782/782
f 830/830/830 831/831/831 782/782/782
f 782/782/782 831/831/831 783/783/783
f 831/831/831 832/832/832 783/783/783
f 783/783/783 832/832/832 784/784/784
f 832/832/832 833/833/833 784/784/784
f 785/785/785 834/834/834 786/786/786
f 834/834/834 835/835/835 786/786/786
f 786/786/786 835/835/835 787/787/787
f 835/835/835 836/836/836 787/787/787
f 787/787/787 836/836/836 788/788/788
f 836/836/836 837/837/837 788/788/788
f 788/788/788 837/837/837 789/789/789
f 837/837/837 838/838/838 789/789/789
f 789/789/789 838/838/838 790/790/790
f 838/838/838 839/839/839 790/790/790
f 790/790/790 839/839/839 791/791/791
f 839/839/839 840/840/840 791/791/791
f 791/791/791 840/840/840 792/792/792
f 840/840/840 841/841/841 792/792/792
f 792/792/792 841/841/841 793/793/793
f 841/841/841 842/842/842 793/793/793
f 793/793/793 842/842/842 794/794/794
f 842/842/842 843/843/843 794/794/794
f 794/794/794 843/843/843 795/795/795
f 843/843/843 844/844/844 795/795/795
f 795/795/795 844/844/844 796/796/796
f 844/844/844 845/845/845 796/796/796
f 796/796/796 845/845/845 797/797/797
f 845/845/845 846/846/846 797/797/797
f 797/797/797 846/846/846 798/798/798
f 846/846/846 847/847/847 798/798/798
f 798/798/798 847/847/847 799/799/799
f 847/847/847 848/848/848 799/799/799
f 799/799/799 848/848/848 800/800/800
f 848/848/848 849/849/849 800/800/800
f 800/800/800 849/849/849 801/801/801
f 849/849/849 850/850/850 801/801/801
f 801/801/801 850/850/850 802/802/802
f 850/850/850 851/851/851 802/802/802
f 802/802/802 851/851/851 803/803/803
f 851/851/851 852/852/852 803/803/803
f 803/803/803 852/852/852 804/804/804
f 852/852/852 853/853/853 804/804/804
f 804/804/804 853/853/853 805/805/805
f 853/853/853 854/854/854 805/805/805
f 805/805/805 854/854/854 806/806/806
f 854/854/854 855/855/855 806/806/806
f 806/806/806 855/855/855 807/807/807
f 855/855/855 856/856/856 807/807/807
f 807/807/807 856/856/856 808/808/808
f 856/856/856 857/857/857 808/808/808
f 808/808/808 857/857/857 809/809/809
f 857/857/857 858/858/858 809/809/809
f 809/809/809 858/858/858 810/810/810
f 858/858/858 859/859/859 810/810/810
f 810/810/810 859/859/859 811/811/811
f 859/859/859 860/860/860 811/811/811
f 811/811/811 860/860/860 812/812/812
f 860/860/860 861/861/861 812/812/812
f 812/812/812 861/861/861 813/813/813
f 861/861/861 862/862/862 813/813/813
f 813/813/813 862/862/862 814/814/814
f 862/862/862 863/863/863 814/814/814
f 814/814/814 863/863/863 815/815/815
f 863/863/863 864/864/864 815/815/815
f 815/815/815 864/864/864 816/816/816
f 864/864/864 865/865/865 816/816/816
f 816/816/816 865/865/865 817/817/817
f 865/865/865 866/866/866 817/817/817
f 817/817/817 866/866/866 818/818/818
f 866/866/866 867/867/867 818/818/818
f 818/818/818 867/867/867 819/819/819
f 867/867/867 868/868/868 819/819/819
f 819/819/819 868/868/868 820/820/820
f 868/868/868 869/869/869 820/820/820
f 820/820/820 869/869/869 821/821/821
f 869/869/869 870/870/870 821/821/821
f 821/821/821 870/870/870 822/822/822
f 870/870/870 871/871/871 822/822/822
f 822/822/822 871/871/871 823/823/823
f 871/871/871 872/872/872 823/823/823
f 823/823/823 872/872/872 824/824/824
f 872/872/872 873/873/873 824/824/824
f 824/824/824 873/873/873 825/825/825
f 873/873/873 874/874/874 825/825/825
f 825/825/825 874/874/874 826/826/826
f 874/874/874 875/875/875 826/826/826
f 826/826/826 875/875/875 827/827/827
f 875/875/875 876/876/876 827/827/827
f 827/827/827 876/876/876 828/828/828
f 876/876/876 877/877/877 828/828/828
f 828/828/828 877/877/877 829/829/829
f 877/877/877 878/878/878 829/829/829
f 829/829/829 878/878/878 830/830/830
f 878/878/878 879/879/879 830/830/830
f 830/830/830 879/879/879 831/831/831
f 879/879/879 880/880/880 831/831/831
f 831/831/831 880/880/880 832/832/832
f 880/880/880 881/881/881 832/832/832
f 832/832/832 881/881/881 833/833/833
f 881/881/881 882/882/882 833/833/833
f 834/834/834 883/883/883 835/835/835
f 883/883/883 884/884/884 835/835/835
f 835/835/835 884/884/884 836/836/836
f 884/884/884 885/885/885 836/836/836
f 836/836/836 885/885/885 837/837/837
f 885/885/885 886/886/886 837/837/837
f 837/837/837 886/886/886 838/838/838
f 886/886/886 887/887/887 838/838/838
f 838/838/838 887/887/887 839/839/839
f 887/887/887 888/888/888 839/839/839
f 839/839/839 888/888/888 840/840/840
f 888/888/888 889/889/889 840/840/840
f 840/840/840 889/889/889 841/841/841
f 889/889/889 890/890/890 841/841/841
f 841/841/841 890/890/890 842/842/842
f 890/890/890 891/891/891 842/842/842
f 842/842/842 891/891/891 843/843/843
f 891/891/891 892/892/892 843/843/843
f 843/843/843 892/892/892 844/844/844
f 892/892/892 893/893/893 844/844/844
f 844/844/844 893/893/893 845/845/845
f 893/893/893 894/894/894 845/845/845
f 845/845/845 894/894/894 846/846/846
f 894/894/894 895/895/895 846/846/846
f 846/846/846 895/895/895 847/847/847
f 895/895/895 896/896/896 847/847/847
f 847/847/847 896/896/896 848/848/848
f 896/896/896 897/897/897 848/848/848
f 848/848/848 897/897/897 849/849/849
f 897/897/897 898/898/898 849/849/849
f 849/849/849 898/898/898 850/850/850
f 898/898/898 899/899/899 850/850/850
f 850/850/850 899/899/899 851/851/851
f 899/899/899 900/900/900 851/851/851
f 851/851/851 900/900/900 852/852/852
f 900/900/900 901/901/901 852/852/852
f 852/852/852 901/901/901 853/853/853
f 901/901/901 902/902/902 853/853/853
f 853/853/853 902/902/902 854/854/854
f 902/902/902 903/903/903 854/854/854
f 854/854/854 903/903/903 855/855/855
f 903/903/903 904/904/904 855/855/855
f 855/855/855 904/904/904 856/856/856
f 904/904/904 905/905/905 856/856/856
f 856/856/856 905/905/905 857/857/857
f 905/905/905 906/906/906 857/857/857
f 857/857/857 906/906/906 858/858/858
f 906/906/906 907/907/907 858/858/858
f 858/858/858 907/907/907 859/859/859
f 907/907/907 908/908/908 859/859/859
f 859/859/859 908/908/908 860/860/860
f 908/908/908 909/909/909 860/860/860
f 860/860/860 909/909/909 861/861/861
f 909/909/909 910/910/910 861/861/861
f 861/861/861 910/910/910 862/862/862
f 910/910/910 911/911/911 862/862/862
f 862/862/862 911/911/911 863/863/863
f 911/911/911 912/912/912 863/863/863
f 863/863/863 912/912/912 864/864/864
f 912/912/912 913/913/913 864/864/864
f 864/864/864 913/913/913 865/865/865
f 913/913/913 914/914/914 865/865/865
f 865/865/865 914/914/914 866/866/866
f 914/914/914 915/915/915 866/866/866
f 866/866/866 915/915/915 867/867/867
f 915/915/915 916/916/916 867/867/867
f 867/867/867 916/916/916 868/868/868
f 916/916/916 917/917/917 868/868/868
f 868/868/868 917/917/917 869/869/869
f 917/917/917 918/918/918 869/869/869
f 869/869/869 918/918/918 870/870/870
f 918/918/918 919/919/919 870/870/870
f 870/870/870 919/919/919 871/871/871
f 919/919/919 920/920/920 871/871/871
f 871/871/871 920/920/920 872/872/872
f 920/920/920 921/921/921 872/872/872
f 872/872/872 921/921/921 873/873/873
f 921/921/921 922/922/922 873/873/873
f 873/873/873 922/922/922 874/874/874
f 922/922/922 923/923/923 874/874/874
f 874/874/874 923/923/923 875/875/875
f 923/923/923 924/924/924 875/875/875
f 875/875/875 924/924/924 876/876/876
f 924/924/924 925/925/925 876/876/876
f 876/876/876 925/925/925 877/877/877
f 925/925/925 926/926/926 877/877/877
f 877/877/877 926/926/926 878/878/878
f 926/926/926 927/927/927 878/878/878
f 878/878/878 927/927/927 879/879/879
f 927/927/927 928/928/928 879/879/879
f 879/879/879 928/928/928 880/880/880
f 928/928/928 929/929/929 880/880/880
f 880/880/880 929/929/929 881/881/881
f 929/929/929 930/930/930 881/881/881
f 881/881/881 930/930/930 882/882/882
f 930/930/930 931/931/931 882/882/882
f 883/883/883 932/932/932 884/884/884
f 932/932/932 933/933/933 884/884/884
f 884/884/884 933/933/933 885/885/885
f 933/933/933 934/934/934 885/885/885
f 885/885/885 934/934/934 886/886/886
f 934/934/934 935/935/935 886/886/886
f 886/886/886 935/935/935 887/887/887
f 935/935/935 936/936/936 887/887/887
f 887/887/887 936/936/936 888/888/888
f 936/936/936 937/937/937 888/888/888
f 888/888/888 937/937/937 889/889/889
f 937/937/937 938/938/938 889/889/889
f 889/889/889 938/938/938 890/890/890
f 938/938/938 939/939/939 890/890/890
f 890/890/890 939/939/939 891/891/891
f 939/939/939 940/940/940 891/891/891
f 891/891/891 940/940/940 892/892/892
f 940/940/940 941/941/941 892/892/892
f 892/892/892 941/941/941 893/893/893
f 941/941/941 942/942/942 893/893/893
f 893/893/893 942/942/942 894/894/894
f 942/942/942 943/943/943 894/894/894
f 894/894/894 943/943/943 895/895/895
f 943/943/943 944/944/944 895/895/895
f 895/895/895 944/944/944 896/896/896
f 944/944/944 945/945/945 896/896/896
f 896/896/896 945/945/945 897/897/897
f 945/945/945 946/946/946 897/897/897
f 897/897/897 946/946/946 898/898/898
f 946/946/946 947/947/947 898/898/898
f 898/898/898 947/947/947 899/899/899
f 947/947/947 948/948/948 899/899/899
f 899/899/899 948/948/948 900/900/900
f 948/948/948 949/949/949 900/900/900
f 900/900/900 949/949/949 901/901/901
f 949/949/949 950/950/950 901/901/901
f 901/901/901 950/950/950 902/902/902
f 950/950/950 951/951/951 902/902/902
f 902/902/902 951/951/951 903/903/903
f 951/951/951 952/952/952 903/903/903
f 903/903/903 952/952/952 904/904/904
f 952/952/952 953/953/953 904/904/904
f 904/904/904 953/953/953 905/905/905
f 953/953/953 954/954/954 905/905/905
f 905/905/905 954/954/954 906/906/906
f 954/954/954 955/955/955 906/906/906
f 906/906/906 955/955/955 907/907/907
f 955/955/955 956/956/956 907/907/907
f 907/907/907 956/956/956 908/908/908
f 956/956/956 957/957/957 908/908/908
f 908/908/908 957/957/957 909/909/909
f 957/957/957 958/958/958 909/909/909
f 909/909/909 958/958/958 910/910/910
f 958/958/958 959/959/959 910/910/910
f 910/910/910 959/959/959 911/911/911
f 959/959/959 960/960/960 911/911/911
f 911/911/911 960/960/960 912/912/912
f 960/960/960 961/961/961 912/912/912
f 912/912/912 961/961/961 913/913/913
f 961/961/961 962/962/962 913/913/913
f 913/913/913 962/962/962 914/914/914
f 962/962/962 963/963/963 914/914/914
f 914/914/914 963/963/963 915/915/915
f 963/963/963 964/964/964 915/915/915
f 915/915/915 964/964/964 916/916/916
f 964/964/964 965/965/965 916/916/916
f 916/916/916 965/965/965 917/917/917
f 965/965/965 966/966/966 917/917/917
f 917/917/917 966/966/966 918/918/918
f 966/966/966 967/967/967 918/918/918
f 918/918/918 967/967/967 919/919/919
f 967/967/967 968/968/968 919/919/919
f 919/919/919 968/968/968 920/920/920
f 968/968/968 969/969/969 920/920/920
f 920/920/920 969/969/969 921/921/921
f 969/969/969 970/970/970 921/921/921
f 921/921/921 970/970/970 922/922/922
f 970/970/970 971/971/971 922/922/922
f 922/922/922 971/971/971 923/923/923
f 971/971/971 972/972/972 923/923/923
f 923/923/923 972/972/972 924/924/924
f 972/972/972 973/973/973 924/924/924
f 924/924/924 973/973/973 925/925/925
f 973/973/973 974/974/974 925/925/925
f 925/925/925 974/974/974 926/926/926
f 974/974/974 975/975/975 926/926/926
f 926/926/926 975/975/975 927/927/927
f 975/975/975 976/976/976 927/927/927
f 927/927/927 976/976/976 928/928/928
f 976/976/976 977/977/977 928/928/928
f 928/928/928 977/977/977 929/929/929
f 977/977/977 978/978/978 929/929/929
f 929/929/929 978/978/978 930/930/930
f 978/978/978 979/979/979 930/930/930
f 930/930/930 979/979/979 931/931/931
f 979/979/979 980/980/980 931/931/931
f 932/932/932 981/981/981 933/933/933
f 981/981/981 982/982/982 933/933/933
f 933/933/933 982/982/982 934/934/934
f 982/982/982 983/983/983 934/934/934
f 934/934/934 983/983/983 935/935/935
f 983/983/983 984/984/984 935/935/935
f 935/935/935 984/984/984 936/936/936
f 984/984/984 985/985/985 936/936/936
f 936/936/936 985/985/985 937/937/937
f 985/985/985 986/986/986 937/937/937
f 937/937/937 986/986/986 938/938/938
f 986/986/986 987/987/987 938/938/938
f 938/938/938 987/987/987 939/939/939
f 987/987/987 988/988/988 939/939/939
f 939/939/939 988/988/988 940/940/940
f 988/988/988 989/989/989 940/940/940
f 940/940/940 989/989/989 941/941/941
f 989/989/989 990/990/990 941/941/941
f 941/941/941 990/990/990 942/942/942
f 990/990/990 991/991/991 942/942/942
f 942/942/942 991/991/991 943/943/943
f 991/991/991 992/992/992 943/943/943
f 943/943/943 992/992/992 944/944/944
f 992/992/992 993/993/993 944/944/944
f 944/944/944 993/993/993 945/945/945
f 993/993/993 994/994/994 945/945/945
f 945/945/945 994/994/994 946/946/946
f 994/994/994 995/995/995 946/946/946
f 946/946/946 995/995/995 947/947/947
f 995/995/995 996/996/996 947/947/947
f 947/947/947 996/996/996 948/948/948
f 996/996/996 997/997/997 948/948/948
f 948/948/948 997/997/997 949/949/949
f 997/997/997 998/998/998 949/949/949
f 949/949/949 998/998/998 950/950/950
f 998/998/998 999/999/999 950/950/950
f 950/950/950 999/999/999 951/951/951
f 999/999/999 1000/1000/1000 951/951/951
f 951/951/951 1000/1000/1000 952/952/952
f 1000/1000/1000 1001/1001/1001 952/952/952
f 952/952/952 1001/1001/1001 953/953/953
f 1001/1001/1001 1002/1002/1002 953/953/953
f 953/953/953 1002/1002/1002 954/954/954
f 1002/1002/1002 1003/1003/1003 954/954/954
f 954/954/954 1003/1003/1003 955/955/955
f 1003/1003/1003 1004/1004/1004 955/955/955
f 955/955/955 1004/1004/1004 956/956/956
f 1004/1004/1004 1005/1005/1005 956/956/956
f 956/956/956 1005/1005/1005 957/957/957
f 1005/1005/1005 1006/1006/1006 957/957/957
f 957/957/957 1006/1006/1006 958/958/958
f 1006/1006/1006 1007/1007/1007 958/958/958
f 958/958/958 1007/1007/1007 959/959/959
f 1007/1007/1007 1008/1008/1008 959/959/959
f 959/959/959 1008/1008/1008 960/960/960
f 1008/1008/1008 1009/1009/1009 960/960/960
f 960/960/960 1009/1009/1009 961/961/961
f 1009/1009/1009 1010/1010/1010 961/961/961
f 961/961/961 1010/1010/1010 962/962/962
f 1010/1010/1010 1011/1011/1011 962/962/962
f 962/962/962 1011/1011/1011 963/963/963
f 1011/1011/1011 1012/1012/1012 963/963/963
f 963/963/963 1012/1012/1012 964/964/964
f 1012/1012/1012 1013/1013/1013 964/964/964
f 964/964/964 1013/1013/1013 965/965/965
f 1013/1013/1013 1014/1014/1014 965/965/965
f 965/965/965 1014/1014/1014 966/966/966
f 1014/1014/1014 1015/1015/1015 966/966/966
f 966/966/966 1015/1015/1015 967/967/967
f 1015/1015/1015 1016/1016/1016 967/967/967
f 967/967/967 1016/1016/1016 968/968/968
f 1016/1016/1016 1017/1017/1017 968/968/968
f 968/968/968 1017/1017/1017 969/969/969
f 1017/1017/1017 1018/1018/1018 969/969/969
f 969/969/969 1018/1018/1018 970/970/970
f 1018/1018/1018 1019/1019/1019 970/970/970
f 970/970/970 1019/1019/1019 971/971/971
f 1019/1019/1019 1020/1020/1020 971/971/971
f 971/971/971 1020/1020/1020 972/972/972
f 1020/1020/1020 1021/1021/1021 972/972/972
f 972/972/972 1021/1021/1021 973/973/973
f 1021/1021/1021 1022/1022/1022 973/973/973
f 973/973/973 1022/1022/1022 974/974/974
f 1022/1022/1022 1023/1023/1023 974/974/974
f 974/974/974 1023/1023/1023 975/975/975
f 1023/1023/1023 1024/1024/1024 975/975/975
f 975/975/975 1024/1024/1024 976/976/976
f 1024/1024/1024 1025/1025/1025 976/976/976
f 976/976/976 1025/1025/1025 977/977/977
f 1025/1025/1025 1026/1026/1026 977/977/977
f 977/977/977 1026/1026/1026 978/978/978
f 1026/1026/1026 1027/1027/1027 978/978/978
f 978/978/978 1027/1027/1027 979/979/979
f 1027/1027/1027 1028/1028/1028 979/979/979
f 979/979/979 1028/1028/1028 980/980/980
f 1028/1028/1028 1029/1029/1029 980/980/980
f 981/981/981 1030/1030/1030 982/982/982
f 1030/1030/1030 1031/1031/1031 982/982/982
f 982/982/982 1031/1031/1031 983/983/983
f 1031/1031/1031 1032/1032/1032 983/983/983
f 983/983/983 1032/1032/1032 984/984/984
f 1032/1032/1032 1033/1033/1033 984/984/984
f 984/984/984 1033/1033/1033 985/985/985
f 1033/1033/1033 1034/1034/1034 985/985/985
f 985/985/985 1034/1034/1034 986/986/986
f 1034/1034/1034 1035/1035/1035 986/986/986
f 986/986/986 1035/1035/1035 987/987/987
f 1035/1035/1035 1036/1036/1036 987/987/987
f 987/987/987 1036/1036/1036 988/988/988
f 1036/1036/1036 1037/1037/1037 988/988/988
f 988/988/988 1037/1037/1037 989/989/989
f 1037/1037/1037 1038/1038/1038 989/989/989
f 989/989/989 1038/1038/1038 990/990/990
f 1038/1038/1038 1039/1039/1039 990/990/990
f 990/990/990 1039/1039/1039 991/991/991
f 1039/1039/1039 1040/1040/1040 991/991/991
f 991/991/991 1040/1040/1040 992/992/992
f 1040/1040/1040 1041/1041/1041 992/992/992
f 992/992/992 1041/1041/1041 993/993/993
f 1041/1041/1041 1042/1042/1042 993/993/993
f 993/993/993 1042/1042/1042 994/994/994
f 1042/1042/1042 1043/1043/1043 994/994/994
f 994/994/994 1043/1043/1043 995/995/995
f 1043/1043/1043 1044/1044/1044 995/995/995
f 995/995/995 1044/1044/1044 996/996/996
f 1044/1044/1044 1045/1045/1045 996/996/996
f 996/996/996 1045/1045/1045 997/997/997
f 1045/1045/1045 1046/1046/1046 997/997/997
f 997/997/997 1046/1046/1046 998/998/998
f 1046/1046/1046 1047/1047/1047 998/998/998
f 998/998/998 1047/1047/1047 999/999/999
f 1047/1047/1047 1048/1048/1048 999/999/999
f 999/999/999 1048/1048/1048 1000/1000/1000
f 1048/1048/1048 1049/1049/1049 1000/1000/1000
f 1000/1000/1000 1049/1049/1049 1001/1001/1001
f 1049/1049/1049 1050/1050/1050 1001/1001/1001
f 1001/1001/1001 1050/1050/1050 1002/1002/1002
f 1050/1050/1050 1051/1051/1051 1002/1002/1002
f 1002/1002/1002 1051/1051/1051 1003/1003/1003
f 1051/1051/1051 1052/1052/1052 1003/1003/1003
f 1003/1003/1003 1052/1052/1052 1004/1004/1004
f 1052/1052/1052 1053/1053/1053 1004/1004/1004
f 1004/1004/1004 1053/1053/1053 1005/1005/1005
f 1053/1053/1053 1054/1054/1054 1005/1005/1005
f 1005/1005/1005 1054/1054/1054 1006/1006/1006
f 1054/1054/1054 1055/1055/1055 1006/1006/1006
f 1006/1006/1006 1055/1055/1055 1007/1007/1007
f 1055/1055/1055 1056/1056/1056 1007/1007/1007
f 1007/1007/1007 1056/1056/1056 1008/1008/1008
f 1056/1056/1056 1057/1057/1057 1008/1008/1008
f 1008/1008/1008 1057/1057/1057 1009/1009/1009
f 1057/1057/1057 1058/1058/1058 1009/1009/1009
f 1009/1009/1009 1058/1058/1058 1010/1010/1010
f 1058/1058/1058 1059/1059/1059 1010/1010/1010
f 1010/1010/1010 1059/1059/1059 1011/1011/1011
f 1059/1059/1059 1060/1060/1060 1011/1011/1011
f 1011/1011/1011 1060/1060/1060 1012/1012/1012
f 1060/1060/1060 1061/1061/1061 1012/1012/1012
f 1012/1012/1012 1061/1061/1061 1013/1013/1013
f 1061/1061/1061 1062/1062/1062 1013/1013/1013
f 1013/1013/1013 1062/1062/1062 1014/1014/1014
f 1062/1062/1062 1063/1063/1063 1014/1014/1014
f 1014/1014/1014 1063/1063/1063 1015/1015/1015
f 1063/1063/1063 1064/1064/1064 1015/1015/1015
f 1015/1015/1015 1064/1064/1064 1016/1016/1016
f 1064/1064/1064 1065/1065/1065 1016/1016/1016
f 1016/1016/1016 1065/1065/1065 1017/1017/1017
f 1065/1065/1065 1066/1066/1066 1017/1017/1017
f 1017/1017/1017 1066/1066/1066 1018/1018/1018
f 1066/1066/1066 1067/1067/1067 1018/1018/1018
f 1018/1018/1018 1067/1067/1067 1019/1019/1019
f 1067/1067/1067 1068/1068/1068 1019/1019/1019
f 1019/1019/1019 1068/1068/1068 1020/1020/1020
f 1068/1068/1068 1069/1069/1069 1020/1020/1020
f 1020/1020/1020 1069/1069/1069 1021/1021/1021
f 1069/1069/1069 1070/1070/1070 1021/1021/1021
f 1021/1021/1021 1070/1070/1070 1022/1022/1022
f 1070/1070/1070 1071/1071/1071 1022/1022/1022
f 1022/1022/1022 1071/1071/1071 1023/1023/1023
f 1071/1071/1071 1072/1072/1072 1023/1023/1023
f 1023/1023/1023 1072/1072/1072 1024/1024/1024
f 1072/1072/1072 1073/1073/1073 1024/1024/1024
f 1024/1024/1024 1073/1073/1073 1025/1025/1025
f 1073/1073/1073 1074/1074/1074 1025/1025/1025
f 1025/1025/1025 1074/1074/1074 1026/1026/1026
f 1074/1074/1074 1075/1075/1075 1026/1026/1026
f 1026/1026/1026 1075/1075/1075 1027/1027/1027
f 1075/1075/1075 1076/1076/1076 1027/1027/1027
f 1027/1027/1027 1076/1076/1076 1028/1028/1028
f 1076/1076/1076 1077/1077/1077 1028/1028/1028
f 1028/1028/1028 1077/1077/1077 1029/1029/1029
f 1077/1077/1077 1078/1078/1078 1029/1029/1029
f 1030/1030/1030 1079/1079/1079 1031/1031/1031
f 1079/1079/1079 1080/1080/1080 1031/1031/1031
f 1031/1031/1031 1080/1080/1080 1032/1032/1032
f 1080/1080/1080 1081/1081/1081 1032/1032/1032
f 1032/1032/1032 1081/1081/1081 1033/1033/1033
f 1081/1081/1081 1082/1082/1082 1033/1033/1033
f 1033/1033/1033 1082/1082/1082 1034/1034/1034
f 1082/1082/1082 1083/1083/1083 1034/1034/1034
f 1034/1034/1034 1083/1083/1083 1035/1035/1035
f 1083/1083/1083 1084/1084/1084 1035/1035/1035
f 1035/1035/1035 1084/1084/1084 1036/1036/1036
f 1084/1084/1084 1085/1085/1085 1036/1036/1036
f 1036/1036/1036 1085/1085/1085 1037/1037/1037
f 1085/1085/1085 1086/1086/1086 1037/1037/1037
f 1037/1037/1037 1086/1086/1086 1038/1038/1038
f 1086/1086/1086 1087/1087/1087 1038/1038/1038
f 1038/1038/1038 1087/1087/1087 1039/1039/1039
f 1087/1087/1087 1088/1088/1088 1039/1039/1039
f 1039/1039/1039 1088/1088/1088 1040/1040/1040
f 1088/1088/1088 1089/1089/1089 1040/1040/1040
f 1040/1040/1040 1089/1089/1089 1041/1041/1041
f 1089/1089/1089 1090/1090/1090 1041/1041/1041
f 1041/1041/1041 1090/1090/1090 1042/1042/1042
f 1090/1090/1090 1091/1091/1091 1042/1042/1042
f 1042/1042/1042 1091/1091/1091 1043/1043/1043
f 1091/1091/1091 1092/1092/1092 1043/1043/1043
f 1043/1043/1043 1092/1092/1092 1044/1044/1044
f 1092/1092/1092 1093/1093/1093 1044/1044/1044
f 1044/1044/1044 1093/1093/1093 1045/1045/1045
f 1093/1093/1093 1094/1094/1094 1045/1045/1045
f 1045/1045/1045 1094/1094/1094 1046/1046/1046
f 1094/1094/1094 1095/1095/1095 1046/1046/1046
f 1046/1046/1046 1095/1095/1095 1047/1047/1047
f 1095/1095/1095 1096/1096/1096 1047/1047/1047
f 1047/1047/1047 1096/1096/1096 1048/1048/1048
f 1096/1096/1096 1097/1097/1097 1048/1048/1048
f 1048/1048/1048 1097/1097/1097 1049/1049/1049
f 1097/1097/1097 1098/1098/1098 1049/1049/1049
f 1049/1049/1049 1098/1098/1098 1050/1050/1050
f 1098/1098/1098 1099/1099/1099 1050/1050/1050
f 1050/1050/1050 1099/1099/1099 1051/1051/1051
f 1099/1099/1099 1100/1100/1100 1051/1051/1051
f 1051/1051/1051 1100/1100/1100 1052/1052/1052
f 1100/1100/1100 1101/1101/1101 1052/1052/1052
f 1052/1052/1052 1101/1101/1101 1053/1053/1053
f 1101/1101/1101 1102/1102/1102 1053/1053/1053
f 1053/1053/1053 1102/1102/1102 1054/1054/1054
f 1102/1102/1102 1103/1103/1103 1054/1054/1054
f 1054/1054/1054 1103/1103/1103 1055/1055/1055
f 1103/1103/1103 1104/1104/1104 1055/1055/1055
f 1055/1055/1055 1104/1104/1104 1056/1056/1056
f 1104/1104/1104 1105/1105/1105 1056/1056/1056
f 1056/1056/1056 1105/1105/1105 1057/1057/1057
f 1105/1105/1105 1106/1106/1106 1057/1057/1057
f 1057/1057/1057 1106/1106/1106 1058/1058/1058
f 1106/1106/1106 1107/1107/1107 1058/1058/1058
f 1058/1058/1058 1107/1107/1107 1059/1059/1059
f 1107/1107/1107 1108/1108/1108 1059/1059/1059
f 1059/1059/1059 1108/1108/1108 1060/1060/1060
f 1108/1108/1108 1109/1109/1109 1060/1060/1060
f 1060/1060/1060 1109/1109/1109 1061/1061/1061
f 1109/1109/1109 1110/1110/1110 1061/1061/1061
f 1061/1061/1061 1110/1110/1110 1062/1062/1062
f 1110/1110/1110 1111/1111/1111 1062/1062/1062
f 1062/1062/1062 1111/1111/1111 1063/1063/1063
f 1111/1111/1111 1112/1112/1112 1063/1063/1063
f 1063/1063/1063 1112/1112/1112 1064/1064/1064
f 1112/1112/1112 1113/1113/1113 1064/1064/1064
f 1064/1064/1064 1113/1113/1113 1065/1065/1065
f 1113/1113/1113 1114/1114/1114 1065/1065/1065
f 1065/1065/1065 1114/1114/1114 1066/1066/1066
f 1114/1114/1114 1115/1115/1115 1066/1066/1066
f 1066/1066/1066 1115/1115/1115 1067/1067/1067
f 1115/1115/1115 1116/1116/1116 1067/1067/1067
f 1067/1067/1067 1116/1116/1116 1068/1068/1068
f 1116/1116/1116 1117/1117/1117 1068/1068/1068
f 1068/1068/1068 1117/1117/1117 1069/1069/1069
f 1117/1117/1117 1118/1118/1118 1069/1069/1069
f 1069/1069/1069 1118/1118/1118 1070/1070/1070
f 1118/1118/1118 1119/1119/1119 1070/1070/1070
f 1070/1070/1070 1119/1119/1119 1071/1071/1071
f 1119/1119/1119 1120/1120/1120 1071/1071/1071
f 1071/1071/1071 1120/1120/1120 1072/1072/1072
f 1120/1120/1120 1121/1121/1121 1072/1072/1072
f 1072/1072/1072 1121/1121/1121 1073/1073/1073
f 1121/1121/1121 1122/1122/1122 1073/1073/1073
f 1073/1073/1073 1122/1122/1122 1074/1074/1074
f 1122/1122/1122 1123/1123/1123 1074/1074/1074
f 1074/1074/1074 1123/1123/1123 1075/1075/1075
f 1123/1123/1123 1124/1124/1124 1075/1075/1075
f 1075/1075/1075 1124/1124/1124 1076/1076/1076
f 1124/1124/1124 1125/1125/1125 1076/1076/1076
f 1076/1076/1076 1125/1125/1125 1077/1077/1077
f 1125/1125/1125 1126/1126/1126 1077/1077/1077
f 1077/1077/1077 1126/1126/1126 1078/1078/1078
f 1126/1126/1126 1127/1127/1127 1078/1078/1078
f 1079/1079/1079 1128/1128/1128 1080/1080/1080
f 1128/1128/1128 1129/1129/1129 1080/1080/1080
f 1080/1080/1080 1129/1129/1129 1081/1081/1081
f 1129/1129/1129 1130/1130/1130 1081/1081/1081
f 1081/1081/1081 1130/1130/1130 1082/1082/1082
f 1130/1130/1130 1131/1131/1131 1082/1082/1082
f 1082/1082/1082 1131/1131/1131 1083/1083/1083
f 1131/1131/1131 1132/1132/1132 1083/1083/1083
f 1083/1083/1083 1132/1132/1132 1084/1084/1084
f 1132/1132/1132 1133/1133/1133 1084/1084/1084
f 1084/1084/1084 1133/1133/1133 1085/1085/1085
f 1133/1133/1133 1134/1134/1134 1085/1085/1085
f 1085/1085/1085 1134/1134/1134 1086/1086/1086
f 1134/1134/1134 1135/1135/1135 1086/1086/1086
f 1086/1086/1086 1135/1135/1135 1087/1087/1087
f 1135/1135/1135 1136/1136/1136 1087/1087/1087
f 1087/1087/1087 1136/1136/1136 1088/1088/1088
f 1136/1136/1136 1137/1137/1137 1088/1088/1088
f 1088/1088/1088 1137/1137/1137 1089/1089/1089
f 1137/1137/1137 1138/1138/1138 1089/1089/1089
f 1089/1089/1089 1138/1138/1138 1090/1090/1090
f 1138/1138/1138 1139/1139/1139 1090/1090/1090
f 1090/1090/1090 1139/1139/1139 1091/1091/1091
f 1139/1139/1139 1140/1140/1140 1091/1091/1091
f 1091/1091/1091 1140/1140/1140 1092/1092/1092
f 1140/1140/1140 1141/1141/1141 1092/1092/1092
f 1092/1092/1092 1141/1141/1141 1093/1093/1093
f 1141/1141/1141 1142/1142/1142 1093/1093/1093
f 1093/1093/1093 1142/1142/1142 1094/1094/1094
f 1142/1142/1142 1143/1143/1143 1094/1094/1094
f 1094/1094/1094 1143/1143/1143 1095/1095/1095
f 1143/1143/1143 1144/1144/1144 1095/1095/1095
f 1095/1095/1095 1144/1144/1144 1096/1096/1096
f 1144/1144/1144 1145/1145/1145 1096/1096/1096
f 1096/1096/1096 1145/1145/1145 1097/1097/1097
f 1145/1145/1145 1146/1146/1146 1097/1097/1097
f 1097/1097/1097 1146/1146/1146 1098/1098/1098
f 1146/1146/1146 1147/1147/1147 1098/1098/1098
f 1098/1098/1098 1147/1147/1147 1099/1099/1099
f 1147/1147/1147 1148/1148/1148 1099/1099/1099
f 1099/1099/1099 1148/1148/1148 1100/1100/1100
f 1148/1148/1148 1149/1149/1149 1100/1100/1100
f 1100/1100/1100 1149/1149/1149 1101/1101/1101
f 1149/1149/1149 1150/1150/1150 1101/1101/1101
f 1101/1101/1101 1150/1150/1150 1102/1102/1102
f 1150/1150/1150 1151/1151/1151 1102/1102/1102
f 1102/1102/1102 1151/1151/1151 1103/1103/1103
f 1151/1151/1151 1152/1152/1152 1103/1103/1103
f 1103/1103/1103 1152/1152/1152 1104/1104/1104
f 1152/1152/1152 1153/1153/1153 1104/1104/1104
f 1104/1104/1104 1153/1153/1153 1105/1105/1105
f 1153/1153/1153 1154/1154/1154 1105/1105/1105
f 1105/1105/1105 1154/1154/1154 1106/1106/1106
f 1154/1154/1154 1155/1155/1155 1106/1106/1106
f 1106/1106/1106 1155/1155/1155 1107/1107/1107
f 1155/1155/1155 1156/1156/1156 1107/1107/1107
f 1107/1107/1107 1156/1156/1156 1108/1108/1108
f 1156/1156/1156 1157/1157/1157 1108/1108/1108
f 1108/1108/1108 1157/1157/1157 1109/1109/1109
f 1157/1157/1157 1158/1158/1158 1109/1109/1109
f 1109/1109/1109 1158/1158/1158 1110/1110/1110
f 1158/1158/1158 1159/1159/1159 1110/1110/1110
f 1110/1110/1110 1159/1159/1159 1111/1111/1111
f 1159/1159/1159 1160/1160/1160 1111/1111/1111
f 1111/1111/1111 1160/1160/1160 1112/1112/1112
f 1160/1160/1160 1161/1161/1161 1112/1112/1112
f 1112/1112/1112 1161/1161/1161 1113/1113/1113
f 1161/1161/1161 1162/1162/1162 1113/1113/1113
f 1113/1113/1113 1162/1162/1162 1114/1114/1114
f 1162/1162/1162 1163/1163/1163 1114/1114/1114
f 1114/1114/1114 1163/1163/1163 1115/1115/1115
f 1163/1163/1163 1164/1164/1164 1115/1115/1115
f 1115/1115/1115 1164/1164/1164 1116/1116/1116
f 1164/1164/1164 1165/1165/1165 1116/1116/1116
f 1116/1116/1116 1165/1165/1165 1117/1117/1117
f 1165/1165/1165 1166/1166/1166 1117/1117/1117
f 1117/1117/1117 1166/1166/1166 1118/1118/1118
f 1166/1166/1166 1167/1167/1167 1118/1118/1118
f 1118/1118/1118 1167/1167/1167 1119/1119/1119
f 1167/1167/1167 1168/1168/1168 1119/1119/1119
f 1119/1119/1119 1168/1168/1168 1120/1120/1120
f 1168/1168/1168 1169/1169/1169 1120/1120/1120
f 1120/1120/1120 1169/1169/1169 1121/1121/1121
f 1169/1169/1169 1170/1170/1170 1121/1121/1121
f 1121/1121/1121 1170/1170/1170 1122/1122/1122
f 1170/1170/1170 1171/1171/1171 1122/1122/1122
f 1122/1122/1122 1171/1171/1171 1123/1123/1123
f 1171/1171/1171 1172/1172/1172 1123/1123/1123
f 1123/1123/1123 1172/1172/1172 1124/1124/1124
f 1172/1172/1172 1173/1173/1173 1124/1124/1124
f 1124/1124/1124 1173/1173/1173 1125/1125/1125
f 1173/1173/1173 1174/1174/1174 1125/1125/1125
f 1125/1125/1125 1174/1174/1174 1126/1126/1126
f 1174/1174/1174 1175/1175/1175 1126/1126/1126
f 1126/1126/1126 1175/1175/1175 1127/1127/1127
f 1175/1175/1175 1176/1176/1176 1127/1127/1127
f 1128/1128/1128 1177/1177/1177 1129/1129/1129
f 1177/1177/1177 1178/1178/1178 1129/1129/1129
f 1129/1129/1129 1178/1178/1178 1130/1130/1130
f 1178/1178/1178 1179/1179/1179 1130/1130/1130
f 1130/1130/1130 1179/1179/1179 1131/1131/1131
f 1179/1179/1179 1180/1180/1180 1131/1131/1131
f 1131/1131/1131 1180/1180/1180 1132/1132/1132
f 1180/1180/1180 1181/1181/1181 1132/1132/1132
f 1132/1132/1132 1181/1181/1181 1133/1133/1133
f 1181/1181/1181 1182/1182/1182 1133/1133/1133
f 1133/1133/1133 1182/1182/1182 1134/1134/1134
f 1182/1182/1182 1183/1183/1183 1134/1134/1134
f 1134/1134/1134 1183/1183/1183 1135/1135/1135
f 1183/1183/1183 1184/1184/1184 1135/1135/1135
f 1135/1135/1135 1184/1184/1184 1136/1136/1136
f 1184/1184/1184 1185/1185/1185 1136/1136/1136
f 1136/1136/1136 1185/1185/1185 1137/1137/1137
f 1185/1185/1185 1186/1186/1186 1137/1137/1137
f 1137/1137/1137 1186/1186/1186 1138/1138/1138
f 1186/1186/1186 1187/1187/1187 1138/1138/1138
f 1138/1138/1138 1187/1187/1187 1139/1139/1139
f 1187/1187/1187 1188/1188/1188 1139/1139/1139
f 1139/1139/1139 1188/1188/1188 1140/1140/1140
f 1188/1188/1188 1189/1189/1189 1140/1140/1140
f 1140/1140/1140 1189/1189/1189 1141/1141/1141
f 1189/1189/1189 1190/1190/1190 1141/1141/1141
f 1141/1141/1141 1190/1190/1190 1142/1142/1142
f 1190/1190/1190 1191/1191/1191 1142/1142/1142
f 1142/1142/1142 1191/1191/1191 1143/1143/1143
f 1191/1191/1191 1192/1192/1192 1143/1143/1143
f 1143/1143/1143 1192/1192/1192 1144/1144/1144
f 1192/1192/1192 1193/1193/1193 1144/1144/1144
f 1144/1144/1144 1193/1193/1193 1145/1145/1145
f 1193/1193/1193 1194/1194/1194 1145/1145/1145
f 1145/1145/1145 1194/1194/1194 1146/1146/1146
f 1194/1194/1194 1195/1195/1195 1146/1146/1146
f 1146/1146/1146 1195/1195/1195 1147/1147/1147
f 1195/1195/1195 1196/1196/1196 1147/1147/1147
f 1147/1147/1147 1196/1196/1196 1148/1148/1148
f 1196/1196/1196 1197/1197/1197 1148/1148/1148
f 1148/1148/1148 1197/1197/1197 1149/1149/1149
f 1197/1197/1197 1198/1198/1198 1149/1149/1149
f 1149/1149/1149 1198/1198/1198 1150/1150/1150
f 1198/1198/1198 1199/1199/1199 1150/1150/1150
f 1150/1150/1150 1199/1199/1199 1151/1151/1151
f 1199/1199/1199 1200/1200/1200 1151/1151/1151
f 1151/1151/1151 1200/1200/1200 1152/1152/1152
f 1200/1200/1200 1201/1201/1201 1152/1152/1152
f 1152/1152/1152 1201/1201/1201 1153/1153/1153
f 1201/1201/1201 1202/1202/1202 1153/1153/1153
f 1153/1153/1153 1202/1202/1202 1154/1154/1154
f 1202/1202/1202 1203/1203/1203 1154/1154/1154
f 1154/1154/1154 1203/1203/1203 1155/1155/1155
f 1203/1203/1203 1204/1204/1204 1155/1155/1155
f 1155/1155/1155 1204/1204/1204 1156/1156/1156
f 1204/1204/1204 1205/1205/1205 1156/1156/1156
f 1156/1156/1156 1205/1205/1205 1157/1157/1157
f 1205/1205/1205 1206/1206/1206 1157/1157/1157
f 1157/1157/1157 1206/1206/1206 1158/1158/1158
f 1206/1206/1206 1207/1207/1207 1158/1158/1158
f 1158/1158/1158 1207/1207/1207 1159/1159/1159
f 1207/1207/1207 1208/1208/1208 1159/1159/1159
f 1159/1159/1159 1208/1208/1208 1160/1160/1160
f 1208/1208/1208 1209/1209/1209 1160/1160/1160
f 1160/1160/1160 1209/1209/1209 1161/1161/1161
f 1209/1209/1209 1210/1210/1210 1161/1161/1161
f 1161/1161/1161 1210/1210/1210 1162/1162/1162
f 1210/1210/1210 1211/1211/1211 1162/1162/1162
f 1162/1162/1162 1211/1211/1211 1163/1163/1163
f 1211/1211/1211 1212/1212/1212 1163/1163/1163
f 1163/1163/1163 1212/1212/1212 1164/1164/1164
f 1212/1212/1212 1213/1213/1213 1164/1164/1164
f 1164/1164/1164 1213/1213/1213 1165/1165/1165
f 1213/1213/1213 1214/1214/1214 1165/1165/1165
f 1165/1165/1165 1214/1214/1214 1166/1166/1166
f 1214/1214/1214 1215/1215/1215 1166/1166/1166
f 1166/1166/1166 1215/1215/1215 1167/1167/1167
f 1215/1215/1215 1216/1216/1216 1167/1167/1167
f 1167/1167/1167 1216/1216/1216 1168/1168/1168
f 1216/1216/1216 1217/1217/1217 1168/1168/1168
f 1168/1168/1168 1217/1217/1217 1169/1169/1169
f 1217/1217/1217 1218/1218/1218 1169/1169/1169
f 1169/1169/1169 1218/1218/1218 1170/1170/1170
f 1218/1218/1218 1219/1219/1219 1170/1170/1170
f 1170/1170/1170 1219/1219/1219 1171/1171/1171
f 1219/1219/1219 1220/1220/1220 1171/1171/1171
f 1171/1171/1171 1220/1220/1220 1172/1172/1172
f 1220/1220/1220 1221/1221/1221 1172/1172/1172
f 1172/1172/1172 1221/1221/1221 1173/1173/1173
f 1221/1221/1221 1222/1222/1222 1173/1173/1173
f 1173/1173/1173 1222/1222/1222 1174/1174/1174
f 1222/1222/1222 1223/1223/1223 1174/1174/1174
f 1174/1174/1174 1223/1223/1223 1175/1175/1175
f 1223/1223/1223 1224/1224/1224 1175/1175/1175
f 1175/1175/1175 1224/1224/1224 1176/1176/1176
f 1224/1224/1224 1225/1225/1225 1176/1176/1176
f 1177/1177/1177 1226/1226/1226 1178/1178/1178
f 1226/1226/1226 1227/1227/1227 1178/1178/1178
f 1178/1178/1178 1227/1227/1227 1179/1179/1179
f 1227/1227/1227 1228/1228/1228 1179/1179/1179
f 1179/1179/1179 1228/1228/1228 1180/1180/1180
f 1228/1228/1228 1229/1229/1229 1180/1180/1180
f 1180/1180/1180 1229/1229/1229 1181/1181/1181
f 1229/1229/1229 1230/1230/1230 1181/1181/1181
f 1181/1181/1181 1230/1230/1230 1182/1182/1182
f 1230/1230/1230 1231/1231/1231 1182/1182/1182
f 1182/1182/1182 1231/1231/1231 1183/1183/1183
f 1231/1231/1231 1232/1232/1232 1183/1183/1183
f 1183/1183/1183 1232/1232/1232 1184/1184/1184
f 1232/1232/1232 1233/1233/1233 1184/1184/1184
f 1184/1184/1184 1233/1233/1233 1185/1185/1185
f 1233/1233/1233 1234/1234/1234 1185/1185/1185
f 1185/1185/1185 1234/1234/1234 1186/1186/1186
f 1234/1234/1234 1235/1235/1235 1186/1186/1186
f 1186/1186/1186 1235/1235/1235 1187/1187/1187
f 1235/1235/1235 1236/1236/1236 1187/1187/1187
f 1187/1187/1187 1236/1236/1236 1188/1188/1188
f 1236/1236/1236 1237/1237/1237 1188/1188/1188
f 1188/1188/1188 1237/1237/1237 1189/1189/1189
f 1237/1237/1237 1238/1238/1238 1189/1189/1189
f 1189/1189/1189 1238/1238/1238 1190/1190/1190
f 1238/1238/1238 1239/1239/1239 1190/1190/1190
f 1190/1190/1190 1239/1239/1239 1191/1191/1191
f 1239/1239/1239 1240/1240/1240 1191/1191/1191
f 1191/1191/1191 1240/1240/1240 1192/1192/1192
f 1240/1240/1240 1241/1241/1241 1192/1192/1192
f 1192/1192/1192 1241/1241/1241 1193/1193/1193
f 1241/1241/1241 1242/1242/1242 1193/1193/1193
f 1193/1193/1193 1242/1242/1242 1194/1194/1194
f 1242/1242/1242 1243/1243/1243 1194/1194/1194
f 1194/1194/1194 1243/1243/1243 1195/1195/1195
f 1243/1243/1243 1244/1244/1244 1195/1195/1195
f 1195/1195/1195 1244/1244/1244 1196/1196/1196
f 1244/1244/1244 1245/1245/1245 1196/1196/1196
f 1196/1196/1196 1245/1245/1245 1197/1197/1197
f 1245/1245/1245 1246/1246/1246 1197/1197/1197
f 1197/1197/1197 1246/1246/1246 1198/1198/1198
f 1246/1246/1246 1247/1247/1247 1198/1198/1198
f 1198/1198/1198 1247/1247/1247 1199/1199/1199
f 1247/1247/1247 1248/1248/1248 1199/1199/1199
f 1199/1199/1199 1248/1248/1248 1200/1200/1200
f 1248/1248/1248 1249/1249/1249 1200/1200/1200
f 1200/1200/1200 1249/1249/1249 1201/1201/1201
f 1249/1249/1249 1250/1250/1250 1201/1201/1201
f 1201/1201/1201 1250/1250/1250 1202/1202/1202
f 1250/1250/1250 1251/1251/1251 1202/1202/1202
f 1202/1202/1202 1251/1251/1251 1203/1203/1203
f 1251/1251/1251 1252/1252/1252 1203/1203/1203
f 1203/1203/1203 1252/1252/1252 1204/1204/1204
f 1252/1252/1252 1253/1253/1253 1204/1204/1204
f 1204/1204/1204 1253/1253/1253 1205/1205/1205
f 1253/1253/1253 1254/1254/1254 1205/1205/1205
f 1205/1205/1205 1254/1254/1254 1206/1206/1206
f 1254/1254/1254 1255/1255/1255 1206/1206/1206
f 1206/1206/1206 1255/1255/1255 1207/1207/1207
f 1255/1255/1255 1256/1256/1256 1207/1207/1207
f 1207/1207/1207 1256/1256/1256 1208/1208/1208
f 1256/1256/1256 1257/1257/1257 1208/1208/1208
f 1208/1208/1208 1257/1257/1257 1209/1209/1209
f 1257/1257/1257 1258/1258/1258 1209/1209/1209
f 1209/1209/1209 1258/1258/1258 1210/1210/1210
f 1258/1258/1258 1259/1259/1259 1210/1210/1210
f 1210/1210/1210 1259/1259/1259 1211/1211/1211
f 1259/1259/1259 1260/1260/1260 1211/1211/1211
f 1211/1211/1211 1260/1260/1260 1212/1212/1212
f 1260/1260/1260 1261/1261/1261 1212/1212/1212
f 1212/1212/1212 1261/1261/1261 1213/1213/1213
f 1261/1261/1261 1262/1262/1262 1213/1213/1213
f 1213/1213/1213 1262/1262/1262 1214/1214/1214
f 1262/1262/1262 1263/1263/1263 1214/1214/1214
f 1214/1214/1214 1263/1263/1263 1215/1215/1215
f 1263/1263/1263 1264/1264/1264 1215/1215/1215
f 1215/1215/1215 1264/1264/1264 1216/1216/1216
f 1264/1264/1264 1265/1265/1265 1216/1216/1216
f 1216/1216/1216 1265/1265/1265 1217/1217/1217
f 1265/1265/1265 1266/1266/1266 1217/1217/1217
f 1217/1217/1217 1266/1266/1266 1218/1218/1218
f 1266/1266/1266 1267/1267/1267 1218/1218/1218
f 1218/1218/1218 1267/1267/1267 1219/1219/1219
f 1267/1267/1267 1268/1268/1268 1219/1219/1219
f 1219/1219/1219 1268/1268/1268 1220/1220/1220
f 1268/1268/1268 1269/1269/1269 1220/1220/1220
f 1220/1220/1220 1269/1269/1269 1221/1221/1221
f 1269/1269/1269 1270/1270/1270 1221/1221/1221
f 1221/1221/1221 1270/1270/1270 1222/1222/1222
f 1270/1270/1270 1271/1271/1271 1222/1222/1222
f 1222/1222/1222 1271/1271/1271 1223/1223/1223
f 1271/1271/1271 1272/1272/1272 1223/1223/1223
f 1223/1223/1223 1272/1272/1272 1224/1224/1224
f 1272/1272/1272 1273/1273/1273 1224/1224/1224
f 1224/1224/1224 1273/1273/1273 1225/1225/1225
f 1273/1273/1273 1274/1274/1274 1225/1225/1225
f 1226/1226/1226 1275/1275/1275 1227/1227/1227
f 1275/1275/1275 1276/1276/1276 1227/1227/1227
f 1227/1227/1227 1276/1276/1276 1228/1228/1228
f 1276/1276/1276 1277/1277/1277 1228/1228/1228
f 1228/1228/1228 1277/1277/1277 1229/1229/1229
f 1277/1277/1277 1278/1278/1278 1229/1229/1229
f 1229/1229/1229 1278/1278/1278 1230/1230/1230
f 1278/1278/1278 1279/1279/1279 1230/1230/1230
f 1230/1230/1230 1279/1279/1279 1231/1231/1231
f 1279/1279/1279 1280/1280/1280 1231/1231/1231
f 1231/1231/1231 1280/1280/1280 1232/1232/1232
f 1280/1280/1280 1281/1281/1281 1232/1232/1232
f 1232/1232/1232 1281/1281/1281 1233/1233/1233
f 1281/1281/1281 1282/1282/1282 1233/1233/1233
f 1233/1233/1233 1282/1282/1282 1234/1234/1234
f 1282/1282/1282 1283/1283/1283 1234/1234/1234
f 1234/1234/1234 1283/1283/1283 1235/1235/1235
f 1283/1283/1283 1284/1284/1284 1235/1235/1235
f 1235/1235/1235 1284/1284/1284 1236/1236/1236
f 1284/1284/1284 1285/1285/1285 1236/1236/1236
f 1236/1236/1236 1285/1285/1285 1237/1237/1237
f 1285/1285/1285 1286/1286/1286 1237/1237/1237
f 1237/1237/1237 1286/1286/1286 1238/1238/1238
f 1286/1286/1286 1287/1287/1287 1238/1238/1238
f 1238/1238/1238 1287/1287/1287 1239/1239/1239
f 1287/1287/1287 1288/1288/1288 1239/1239/1239
f 1239/1239/1239 1288/1288/1288 1240/1240/1240
f 1288/1288/1288 1289/1289/1289 1240/1240/1240
f 1240/1240/1240 1289/1289/1289 1241/1241/1241
f 1289/1289/1289 1290/1290/1290 1241/1241/1241
f 1241/1241/1241 1290/1290/1290 1242/1242/1242
f 1290/1290/1290 1291/1291/1291 1242/1242/1242
f 1242/1242/1242 1291/1291/1291 1243/1243/1243
f 1291/1291/1291 1292/1292/1292 1243/1243/1243
f 1243/1243/1243 1292/1292/1292 1244/1244/1244
f 1292/1292/1292 1293/1293/1293 1244/1244/1244
f 1244/1244/1244 1293/1293/1293 1245/1245/1245
f 1293/1293/1293 1294/1294/1294 1245/1245/1245
f 1245/1245/1245 1294/1294/1294 1246/1246/1246
f 1294/1294/1294 1295/1295/1295 1246/1246/1246
f 1246/1246/1246 1295/1295/1295 1247/1247/1247
f 1295/1295/1295 1296/1296/1296 1247/1247/1247
f 1247/1247/1247 1296/1296/1296 1248/1248/1248
f 1296/1296/1296 1297/1297/1297 1248/1248/1248
f 1248/1248/1248 1297/1297/1297 1249/1249/1249
f 1297/1297/1297 1298/1298/1298 1249/1249/1249
f 1249/1249/1249 1298/1298/1298 1250/1250/1250
f 1298/1298/1298 1299/1299/1299 1250/1250/1250
f 1250/1250/1250 1299/1299/1299 1251/1251/1251
f 1299/1299/1299 1300/1300/1300 1251/1251/1251
f 1251/1251/1251 1300/1300/1300 1252/1252/1252
f 1300/1300/1300 1301/1301/1301 1252/1252/1252
f 1252/1252/1252 1301/1301/1301 1253/1253/1253
f 1301/1301/1301 1302/1302/1302 1253/1253/1253
f 1253/1253/1253 1302/1302/1302 1254/1254/1254
f 1302/1302/1302 1303/1303/1303 1254/1254/1254
f 1254/1254/1254 1303/1303/1303 1255/1255/1255
f 1303/1303/1303 1304/1304/1304 1255/1255/1255
f 1255/1255/1255 1304/1304/1304 1256/1256/1256
f 1304/1304/1304 1305/1305/1305 1256/1256/1256
f 1256/1256/1256 1305/1305/1305 1257/1257/1257
f 1305/1305/1305 1306/1306/1306 1257/1257/1257
f 1257/1257/1257 1306/1306/1306 1258/1258/1258
f 1306/1306/1306 1307/1307/1307 1258/1258/1258
f 1258/1258/1258 1307/1307/1307 1259/1259/1259
f 1307/1307/1307 1308/1308/1308 1259/1259/1259
f 1259/1259/1259 1308/1308/1308 1260/1260/1260
f 1308/1308/1308 1309/1309/1309 1260/1260/1260
f 1260/1260/1260 1309/1309/1309 1261/1261/1261
f 1309/1309/1309 1310/1310/1310 1261/1261/1261
f 1261/1261/1261 1310/1310/1310 1262/1262/1262
f 1310/1310/1310 1311/1311/1311 1262/1262/1262
f 1262/1262/1262 1311/1311/1311 1263/1263/1263
f 1311/1311/1311 1312/1312/1312 1263/1263/1263
f 1263/1263/1263 1312/1312/1312 1264/1264/1264
f 1312/1312/1312 1313/1313/1313 1264/1264/1264
f 1264/1264/1264 1313/1313/1313 1265/1265/1265
f 1313/1313/1313 1314/1314/1314 1265/1265/1265
f 1265/1265/1265 1314/1314/1314 1266/1266/1266
f 1314/1314/1314 1315/1315/1315 1266/1266/1266
f 1266/1266/1266 1315/1315/1315 1267/1267/1267
f 1315/1315/1315 1316/1316/1316 1267/1267/1267
f 1267/1267/1267 1316/1316/1316 1268/1268/1268
f 1316/1316/1316 1317/1317/1317 1268/1268/1268
f 1268/1268/1268 1317/1317/1317 1269/1269/1269
f 1317/1317/1317 1318/1318/1318 1269/1269/1269
f 1269/1269/1269 1318/1318/1318 1270/1270/1270
f 1318/1318/1318 1319/1319/1319 1270/1270/1270
f 1270/1270/1270 1319/1319/1319 1271/1271/1271
f 1319/1319/1319 1320/1320/1320 1271/1271/1271
f 1271/1271/1271 1320/1320/1320 1272/1272/1272
f 1320/1320/1320 1321/1321/1321 1272/1272/1272
f 1272/1272/1272 1321/1321/1321 1273/1273/1273
f 1321/1321/1321 1322/1322/1322 1273/1273/1273
f 1273/1273/1273 1322/1322/1322 1274/1274/1274
f 1322/1322/1322 1323/1323/1323 1274/1274/1274
f 1275/1275/1275 1324/1324/1324 1276/1276/1276
f 1324/1324/1324 1325/1325/1325 1276/1276/1276
f 1276/1276/1276 1325/1325/1325 1277/1277/1277
f 1325/1325/1325 1326/1326/1326 1277/1277/1277
f 1277/1277/1277 1326/1326/1326 1278/1278/1278
f 1326/1326/1326 1327/1327/1327 1278/1278/1278
f 1278/1278/1278 1327/1327/1327 1279/1279/1279
f 1327/1327/1327 1328/1328/1328 1279/1279/1279
f 1279/1279/1279 1328/1328/1328 1280/1280/1280
f 1328/1328/1328 1329/1329/1329 1280/1280/1280
f 1280/1280/1280 1329/1329/1329 1281/1281/1281
f 1329/1329/1329 1330/1330/1330 1281/1281/1281
f 1281/1281/1281 1330/1330/1330 1282/1282/1282
f 1330/1330/1330 1331/1331/1331 1282/1282/1282
f 1282/1282/1282 1331/1331/1331 1283/1283/1283
f 1331/1331/1331 1332/1332/1332 1283/1283/1283
f 1283/1283/1283 1332/1332/1332 1284/1284/1284
f 1332/1332/1332 1333/1333/1333 1284/1284/1284
f 1284/1284/1284 1333/1333/1333 1285/1285/1285
f 1333/1333/1333 1334/1334/1334 1285/1285/1285
f 1285/1285/1285 1334/1334/1334 1286/1286/1286
f 1334/1334/1334 1335/1335/1335 1286/1286/1286
f 1286/1286/1286 1335/1335/1335 1287/1287/1287
f 1335/1335/1335 1336/1336/1336 1287/1287/1287
f 1287/1287/1287 1336/1336/1336 1288/1288/1288
f 1336/1336/1336 1337/1337/1337 1288/1288/1288
f 1288/1288/1288 1337/1337/1337 1289/1289/1289
f 1337/1337/1337 1338/1338/1338 1289/1289/1289
f 1289/1289/1289 1338/1338/1338 1290/1290/1290
f 1338/1338/1338 1339/1339/1339 1290/1290/1290
f 1290/1290/1290 1339/1339/1339 1291/1291/1291
f 1339/1339/1339 1340/1340/1340 1291/1291/1291
f 1291/1291/1291 1340/1340/1340 1292/1292/1292
f 1340/1340/1340 1341/1341/1341 1292/1292/1292
f 1292/1292/1292 1341/1341/1341 1293/1293/1293
f 1341/1341/1341 1342/1342/1342 1293/1293/1293
f 1293/1293/1293 1342/1342/1342 1294/1294/1294
f 1342/1342/1342 1343/1343/1343 1294/1294/1294
f 1294/1294/1294 1343/1343/1343 1295/1295/1295
f 1343/1343/1343 1344/1344/1344 1295/1295/1295
f 1295/1295/1295 1344/1344/1344 1296/1296/1296
f 1344/1344/1344 1345/1345/1345 1296/1296/1296
f 1296/1296/1296 1345/1345/1345 1297/1297/1297
f 1345/1345/1345 1346/1346/1346 1297/1297/1297
f 1297/1297/1297 1346/1346/1346 1298/1298/1298
f 1346/1346/1346 1347/1347/1347 1298/1298/1298
f 1298/1298/1298 1347/1347/1347 1299/1299/1299
f 1347/1347/1347 1348/1348/1348 1299/1299/1299
f 1299/1299/1299 1348/1348/1348 1300/1300/1300
f 1348/1348/1348 1349/1349/1349 1300/1300/1300
f 1300/1300/1300 1349/1349/1349 1301/1301/1301
f 1349/1349/1349 1350/1350/1350 1301/1301/1301
f 1301/1301/1301 1350/1350/1350 1302/1302/1302
f 1350/1350/1350 1351/1351/1351 1302/1302/1302
f 1302/1302/1302 1351/1351/1351 1303/1303/1303
f 1351/1351/1351 1352/1352/1352 1303/1303/1303
f 1303/1303/1303 1352/1352/1352 1304/1304/1304
f 1352/1352/1352 1353/1353/1353 1304/1304/1304
f 1304/1304/1304 1353/1353/1353 1305/1305/1305
f 1353/1353/1353 1354/1354/1354 1305/1305/1305
f 1305/1305/1305 1354/1354/1354 1306/1306/1306
f 1354/1354/1354 1355/1355/1355 1306/1306/1306
f 1306/1306/1306 1355/1355/1355 1307/1307/1307
f 1355/1355/1355 1356/1356/1356 1307/1307/1307
f 1307/1307/1307 1356/1356/1356 1308/1308/1308
f 1356/1356/1356 1357/1357/1357 1308/1308/1308
f 1308/1308/1308 1357/1357/1357 1309/1309/1309
f 1357/1357/1357 1358/1358/1358 1309/1309/1309
f 1309/1309/1309 1358/1358/1358 1310/1310/1310
f 1358/1358/1358 1359/1359/1359 1310/1310/1310
f 1310/1310/1310 1359/1359/1359 1311/1311/1311
f 1359/1359/1359 1360/1360/1360 1311/1311/1311
f 1311/1311/1311 1360/1360/1360 1312/1312/1312
f 1360/1360/1360 1361/1361/1361 1312/1312/1312
f 1312/1312/1312 1361/1361/1361 1313/1313/1313
f 1361/1361/1361 1362/1362/1362 1313/1313/1313
f 1313/1313/1313 1362/1362/1362 1314/1314/1314
f 1362/1362/1362 1363/1363/1363 1314/1314/1314
f 1314/1314/1314 1363/1363/1363 1315/1315/1315
f 1363/1363/1363 1364/1364/1364 1315/1315/1315
f 1315/1315/1315 1364/1364/1364 1316/1316/1316
f 1364/1364/1364 1365/1365/1365 1316/1316/1316
f 1316/1316/1316 1365/1365/1365 1317/1317/1317
f 1365/1365/1365 1366/1366/1366 1317/1317/1317
f 1317/1317/1317 1366/1366/1366 1318/1318/1318
f 1366/1366/1366 1367/1367/1367 1318/1318/1318
f 1318/1318/1318 1367/1367/1367 1319/1319/1319
f 1367/1367/1367 1368/1368/1368 1319/1319/1319
f 1319/1319/1319 1368/1368/1368 1320/1320/1320
f 1368/1368/1368 1369/1369/1369 1320/1320/1320
f 1320/1320/1320 1369/1369/1369 1321/1321/1321
f 1369/1369/1369 1370/1370/1370 1321/1321/1321
f 1321/1321/1321 1370/1370/1370 1322/1322/1322
f 1370/1370/1370 1371/1371/1371 1322/1322/1322
f 1322/1322/1322 1371/1371/1371 1323/1323/1323
f 1371/1371/1371 1372/1372/1372 1323/1323/1323
f 1324/1324/1324 1373/1373/1373 1325/1325/1325
f 1373/1373/1373 1374/1374/1374 1325/1325/1325
f 1325/1325/1325 1374/1374/1374 1326/1326/1326
f 1374/1374/1374 1375/1375/1375 1326/1326/1326
f 1326/1326/1326 1375/1375/1375 1327/1327/1327
f 1375/1375/1375 1376/1376/1376 1327/1327/1327
f 1327/1327/1327 1376/1376/1376 1328/1328/1328
f 1376/1376/1376 1377/1377/1377 1328/1328/1328
f 1328/1328/1328 1377/1377/1377 1329/1329/1329
f 1377/1377/1377 1378/1378/1378 1329/1329/1329
f 1329/1329/1329 1378/1378/1378 1330/1330/1330
f 1378/1378/1378 1379/1379/1379 1330/1330/1330
f 1330/1330/1330 1379/1379/1379 1331/1331/1331
f 1379/1379/1379 1380/1380/1380 1331/1331/1331
f 1331/1331/1331 1380/1380/1380 1332/1332/1332
f 1380/1380/1380 1381/1381/1381 1332/1332/1332
f 1332/1332/1332 1381/1381/1381 1333/1333/1333
f 1381/1381/1381 1382/1382/1382 1333/1333/1333
f 1333/1333/1333 1382/1382/1382 1334/1334/1334
f 1382/1382/1382 1383/1383/1383 1334/1334/1334
f 1334/1334/1334 1383/1383/1383 1335/1335/1335
f 1383/1383/1383 1384/1384/1384 1335/1335/1335
f 1335/1335/1335 1384/1384/1384 1336/1336/1336
f 1384/1384/1384 1385/1385/1385 1336/1336/1336
f 1336/1336/1336 1385/1385/1385 1337/1337/1337
f 1385/1385/1385 1386/1386/1386 1337/1337/1337
f 1337/1337/1337 1386/1386/1386 1338/1338/1338
f 1386/1386/1386 1387/1387/1387 1338/1338/1338
f 1338/1338/1338 1387/1387/1387 1339/1339/1339
f 1387/1387/1387 1388/1388/1388 1339/1339/1339
f 1339/1339/1339 1388/1388/1388 1340/1340/1340
f 1388/1388/1388 1389/1389/1389 1340/1340/1340
f 1340/1340/1340 1389/1389/1389 1341/1341/1341
f 1389/1389/1389 1390/1390/1390 1341/1341/1341
f 1341/1341/1341 1390/1390/1390 1342/1342/1342
f 1390/1390/1390 1391/1391/1391 1342/1342/1342
f 1342/1342/1342 1391/1391/1391 1343/1343/1343
f 1391/1391/1391 1392/1392/1392 1343/1343/1343
f 1343/1343/1343 1392/1392/1392 1344/1344/1344
f 1392/1392/1392 1393/1393/1393 1344/1344/1344
f 1344/1344/1344 1393/1393/1393 1345/1345/1345
f 1393/1393/1393 1394/1394/1394 1345/1345/1345
f 1345/1345/1345 1394/1394/1394 1346/1346/1346
f 1394/1394/1394 1395/1395/1395 1346/1346/1346
f 1346/1346/1346 1395/1395/1395 1347/1347/1347
f 1395/1395/1395 1396/1396/1396 1347/1347/1347
f 1347/1347/1347 1396/1396/1396 1348/1348/1348
f 1396/1396/1396 1397/1397/1397 1348/1348/1348
f 1348/1348/1348 1397/1397/1397 1349/1349/1349
f 1397/1397/1397 1398/1398/1398 1349/1349/1349
f 1349/1349/1349 1398/1398/1398 1350/1350/1350
f 1398/1398/1398 1399/1399/1399 1350/1350/1350
f 1350/1350/1350 1399/1399/1399 1351/1351/1351
f 1399/1399/1399 1400/1400/1400 1351/1351/1351
f 1351/1351/1351 1400/1400/1400 1352/1352/1352
f 1400/1400/1400 1401/1401/1401 1352/1352/1352
f 1352/1352/1352 1401/1401/1401 1353/1353/1353
f 1401/1401/1401 1402/1402/1402 1353/1353/1353
f 1353/1353/1353 1402/1402/1402 1354/1354/1354
f 1402/1402/1402 1403/1403/1403 1354/1354/1354
f 1354/1354/1354 1403/1403/1403 1355/1355/1355
f 1403/1403/1403 1404/1404/1404 1355/1355/1355
f 1355/1355/1355 1404/1404/1404 1356/1356/1356
f 1404/1404/1404 1405/1405/1405 1356/1356/1356
f 1356/1356/1356 1405/1405/1405 1357/1357/1357
f 1405/1405/1405 1406/1406/1406 1357/1357/1357
f 1357/1357/1357 1406/1406/1406 1358/1358/1358
f 1406/1406/1406 1407/1407/1407 1358/1358/1358
f 1358/1358/1358 1407/1407/1407 1359/1359/1359
f 1407/1407/1407 1408/1408/1408 1359/1359/1359
f 1359/1359/1359 1408/1408/1408 1360/1360/1360
f 1408/1408/1408 1409/1409/1409 1360/1360/1360
f 1360/1360/1360 1409/1409/1409 1361/1361/1361
f 1409/1409/1409 1410/1410/1410 1361/1361/1361
f 1361/1361/1361 1410/1410/1410 1362/1362/1362
f 1410/1410/1410 1411/1411/1411 1362/1362/1362
f 1362/1362/1362 1411/1411/1411 1363/1363/1363
f 1411/1411/1411 1412/1412/1412 1363/1363/1363
f 1363/1363/1363 1412/1412/1412 1364/1364/1364
f 1412/1412/1412 1413/1413/1413 1364/1364/1364
f 1364/1364/1364 1413/1413/1413 1365/1365/1365
f 1413/1413/1413 1414/1414/1414 1365/1365/1365
f 1365/1365/1365 1414/1414/1414 1366/1366/1366
f 1414/1414/1414 1415/1415/1415 1366/1366/1366
f 1366/1366/1366 1415/1415/1415 1367/1367/1367
f 1415/1415/1415 1416/1416/1416 1367/1367/1367
f 1367/1367/1367 1416/1416/1416 1368/1368/1368
f 1416/1416/1416 1417/1417/1417 1368/1368/1368
f 1368/1368/1368 1417/1417/1417 1369/1369/1369
f 1417/1417/1417 1418/1418/1418 1369/1369/1369
f 1369/1369/1369 1418/1418/1418 1370/1370/1370
f 1418/1418/1418 1419/1419/1419 1370/1370/1370
f 1370/1370/1370 1419/1419/1419 1371/1371/1371
f 1419/1419/1419 1420/1420/1420 1371/1371/1371
f 1371/1371/1371 1420/1420/1420 1372/1372/1372
f 1420/1420/1420 1421/1421/1421 1372/1372/1372
f 1373/1373/1373 1422/1422/1422 1374/1374/1374
f 1422/1422/1422 1423/1423/1423 1374/1374/1374
f 1374/1374/1374 1423/1423/1423 1375/1375/1375
f 1423/1423/1423 1424/1424/1424 1375/1375/1375
f 1375/1375/1375 1424/1424/1424 1376/1376/1376
f 1424/1424/1424 1425/1425/1425 1376/1376/1376
f 1376/1376/1376 1425/1425/1425 1377/1377/1377
f 1425/1425/1425 1426/1426/1426 1377/1377/1377
f 1377/1377/1377 1426/1426/1426 1378/1378/1378
f 1426/1426/1426 1427/1427/1427 1378/1378/1378
f 1378/1378/1378 1427/1427/1427 1379/1379/1379
f 1427/1427/1427 1428/1428/1428 1379/1379/1379
f 1379/1379/1379 1428/1428/1428 1380/1380/1380
f 1428/1428/1428 1429/1429/1429 1380/1380/1380
f 1380/1380/1380 1429/1429/1429 1381/1381/1381
f 1429/1429/1429 1430/1430/1430 1381/1381/1381
f 1381/1381/1381 1430/1430/1430 1382/1382/1382
f 1430/1430/1430 1431/1431/1431 1382/1382/1382
f 1382/1382/1382 1431/1431/1431 1383/1383/1383
f 1431/1431/1431 1432/1432/1432 1383/1383/1383
f 1383/1383/1383 1432/1432/1432 1384/1384/1384
f 1432/1432/1432 1433/1433/1433 1384/1384/1384
f 1384/1384/1384 1433/1433/1433 1385/1385/1385
f 1433/1433/1433 1434/1434/1434 1385/1385/1385
f 1385/1385/1385 1434/1434/1434 1386/1386/1386
f 1434/1434/1434 1435/1435/1435 1386/1386/1386
f 1386/1386/1386 1435/1435/1435 1387/1387/1387
f 1435/1435/1435 1436/1436/1436 1387/1387/1387
f 1387/1387/1387 1436/1436/1436 1388/1388/1388
f 1436/1436/1436 1437/1437/1437 1388/1388/1388
f 1388/1388/1388 1437/1437/1437 1389/1389/1389
f 1437/1437/1437 1438/1438/1438 1389/1389/1389
f 1389/1389/1389 1438/1438/1438 1390/1390/1390
f 1438/1438/1438 1439/1439/1439 1390/1390/1390
f 1390/1390/1390 1439/1439/1439 1391/1391/1391
f 1439/1439/1439 1440/1440/1440 1391/1391/1391
f 1391/1391/1391 1440/1440/1440 1392/1392/1392
f 1440/1440/1440 1441/1441/1441 1392/1392/1392
f 1392/1392/1392 1441/1441/1441 1393/1393/1393
f 1441/1441/1441 1442/1442/1442 1393/1393/1393
f 1393/1393/1393 1442/1442/1442 1394/1394/1394
f 1442/1442/1442 1443/1443/1443 1394/1394/1394
f 1394/1394/1394 1443/1443/1443 1395/1395/1395
f 1443/1443/1443 1444/1444/1444 1395/1395/1395
f 1395/1395/1395 1444/1444/1444 1396/1396/1396
f 1444/1444/1444 1445/1445/1445 1396/1396/1396
f 1396/1396/1396 1445/1445/1445 1397/1397/1397
f 1445/1445/1445 1446/1446/1446 1397/1397/1397
f 1397/1397/1397 1446/1446/1446 1398/1398/1398
f 1446/1446/1446 1447/1447/1447 1398/1398/1398
f 1398/1398/1398 1447/1447/1447 1399/1399/1399
f 1447/1447/1447 1448/1448/1448 1399/1399/1399
f 1399/1399/1399 1448/1448/1448 1400/1400/1400
f 1448/1448/1448 1449/1449/1449 1400/1400/1400
f 1400/1400/1400 1449/1449/1449 1401/1401/1401
f 1449/1449/1449 1450/1450/1450 1401/1401/1401
f 1401/1401/1401 1450/1450/1450 1402/1402/1402
f 1450/1450/1450 1451/1451/1451 1402/1402/1402
f 1402/1402/1402 1451/1451/1451 1403/1403/1403
f 1451/1451/1451 1452/1452/1452 1403/1403/1403
f 1403/1403/1403 1452/1452/1452 1404/1404/1404
f 1452/1452/1452 1453/1453/1453 1404/1404/1404
f 1404/1404/1404 1453/1453/1453 1405/1405/1405
f 1453/1453/1453 1454/1454/1454 1405/1405/1405
f 1405/1405/1405 1454/1454/1454 1406/1406/1406
f 1454/1454/1454 1455/1455/1455 1406/1406/1406
f 1406/1406/1406 1455/1455/1455 1407/1407/1407
f 1455/1455/1455 1456/1456/1456 1407/1407/1407
f 1407/1407/1407 1456/1456/1456 1408/1408/1408
f 1456/1456/1456 1457/1457/1457 1408/1408/1408
f 1408/1408/1408 1457/1457/1457 1409/1409/1409
f 1457/1457/1457 1458/1458/1458 1409/1409/1409
f 1409/1409/1409 1458/1458/1458 1410/1410/1410
f 1458/1458/1458 1459/1459/1459 1410/1410/1410
f 1410/1410/1410 1459/1459/1459 1411/1411/1411
f 1459/1459/1459 1460/1460/1460 1411/1411/1411
f 1411/1411/1411 1460/1460/1460 1412/1412/1412
f 1460/1460/1460 1461/1461/1461 1412/1412/1412
f 1412/1412/1412 1461/1461/1461 1413/1413/1413
f 1461/1461/1461 1462/1462/1462 1413/1413/1413
f 1413/1413/1413 1462/1462/1462 1414/1414/1414
f 1462/1462/1462 1463/1463/1463 1414/1414/1414
f 1414/1414/1414 1463/1463/1463 1415/1415/1415
f 1463/1463/1463 1464/1464/1464 1415/1415/1415
f 1415/1415/1415 1464/1464/1464 1416/1416/1416
f 1464/1464/1464 1465/1465/1465 1416/1416/1416
f 1416/1416/1416 1465/1465/1465 1417/1417/1417
f 1465/1465/1465 1466/1466/1466 1417/1417/1417
f 1417/1417/1417 1466/1466/1466 1418/1418/1418
f 1466/1466/1466 1467/1467/1467 1418/1418/1418
f 1418/1418/1418 1467/1467/1467 1419/1419/1419
f 1467/1467/1467 1468/1468/1468 1419/1419/1419
f 1419/1419/1419 1468/1468/1468 1420/1420/1420
f 1468/1468/1468 1469/1469/1469 1420/1420/1420
f 1420/1420/1420 1469/1469/1469 1421/1421/1421
f 1469/1469/1469 1470/1470/1470 1421/1421/1421
f 1422/1422/1422 1471/1471/1471 1423/1423/1423
f 1471/1471/1471 1472/1472/1472 1423/1423/1423
f 1423/1423/1423 1472/1472/1472 1424/1424/1424
f 1472/1472/1472 1473/1473/1473 1424/1424/1424
f 1424/1424/1424 1473/1473/1473 1425/1425/1425
f 1473/1473/1473 1474/1474/1474 1425/1425/1425
f 1425/1425/1425 1474/1474/1474 1426/1426/1426
f 1474/1474/1474 1475/1475/1475 1426/1426/1426
f 1426/1426/1426 1475/1475/1475 1427/1427/1427
f 1475/1475/1475 1476/1476/1476 1427/1427/1427
f 1427/1427/1427 1476/1476/1476 1428/1428/1428
f 1476/1476/1476 1477/1477/1477 1428/1428/1428
f 1428/1428/1428 1477/1477/1477 1429/1429/1429
f 1477/1477/1477 1478/1478/1478 1429/1429/1429
f 1429/1429/1429 1478/1478/1478 1430/1430/1430
f 1478/1478/1478 1479/1479/1479 1430/1430/1430
f 1430/1430/1430 1479/1479/1479 1431/1431/1431
f 1479/1479/1479 1480/1480/1480 1431/1431/1431
f 1431/1431/1431 1480/1480/1480 1432/1432/1432
f 1480/1480/1480 1481/1481/1481 1432/1432/1432
f 1432/1432/1432 1481/1481/1481 1433/1433/1433
f 1481/1481/1481 1482/1482/1482 1433/1433/1433
f 1433/1433/1433 1482/1482/1482 1434/1434/1434
f 1482/1482/1482 1483/1483/1483 1434/1434/1434
f 1434/1434/1434 1483/1483/1483 1435/1435/1435
f 1483/1483/1483 1484/1484/1484 1435/1435/1435
f 1435/1435/1435 1484/1484/1484 1436/1436/1436
f 1484/1484/1484 1485/1485/1485 1436/1436/1436
f 1436/1436/1436 1485/1485/1485 1437/1437/1437
f 1485/1485/1485 1486/1486/1486 1437/1437/1437
f 1437/1437/1437 1486/1486/1486 1438/1438/1438
f 1486/1486/1486 1487/1487/1487 1438/1438/1438
f 1438/1438/1438 1487/1487/1487 1439/1439/1439
f 1487/1487/1487 1488/1488/1488 1439/1439/1439
f 1439/1439/1439 1488/1488/1488 1440/1440/1440
f 1488/1488/1488 1489/1489/1489 1440/1440/1440
f 1440/1440/1440 1489/1489/1489 1441/1441/1441
f 1489/1489/1489 1490/1490/1490 1441/1441/1441
f 1441/1441/1441 1490/1490/1490 1442/1442/1442
f 1490/1490/1490 1491/1491/1491 1442/1442/1442
f 1442/1442/1442 1491/1491/1491 1443/1443/1443
f 1491/1491/1491 1492/1492/1492 1443/1443/1443
f 1443/1443/1443 1492/1492/1492 1444/1444/1444
f 1492/1492/1492 1493/1493/1493 1444/1444/1444
f 1444/1444/1444 1493/1493/1493 1445/1445/1445
f 1493/1493/1493 1494/1494/1494 1445/1445/1445
f 1445/1445/1445 1494/1494/1494 1446/1446/1446
f 1494/1494/1494 1495/1495/1495 1446/1446/1446
f 1446/1446/1446 1495/1495/1495 1447/1447/1447
f 1495/1495/1495 1496/1496/1496 1447/1447/1447
f 1447/1447/1447 1496/1496/1496 1448/1448/1448
f 1496/1496/1496 1497/1497/1497 1448/1448/1448
f 1448/1448/1448 1497/1497/1497 1449/1449/1449
f 1497/1497/1497 1498/1498/1498 1449/1449/1449
f 1449/1449/1449 1498/1498/1498 1450/1450/1450
f 1498/1498/1498 1499/1499/1499 1450/1450/1450
f 1450/1450/1450 1499/1499/1499 1451/1451/1451
f 1499/1499/1499 1500/1500/1500 1451/1451/1451
f 1451/1451/1451 1500/1500/1500 1452/1452/1452
f 1500/1500/1500 1501/1501/1501 1452/1452/1452
f 1452/1452/1452 1501/1501/1501 1453/1453/1453
f 1501/1501/1501 1502/1502/1502 1453/1453/1453
f 1453/1453/1453 1502/1502/1502 1454/1454/1454
f 1502/1502/1502 1503/1503/1503 1454/1454/1454
f 1454/1454/1454 1503/1503/1503 1455/1455/1455
f 1503/1503/1503 1504/1504/1504 1455/1455/1455
f 1455/1455/1455 1504/1504/1504 1456/1456/1456
f 1504/1504/1504 1505/1505/1505 1456/1456/1456
f 1456/1456/1456 1505/1505/1505 1457/1457/1457
f 1505/1505/1505 1506/1506/1506 1457/1457/1457
f 1457/1457/1457 1506/1506/1506 1458/1458/1458
f 1506/1506/1506 1507/1507/1507 1458/1458/1458
f 1458/1458/1458 1507/1507/1507 1459/1459/1459
f 1507/1507/1507 1508/1508/1508 1459/1459/1459
f 1459/1459/1459 1508/1508/1508 1460/1460/1460
f 1508/1508/1508 1509/1509/1509 1460/1460/1460
f 1460/1460/1460 1509/1509/1509 1461/1461/1461
f 1509/1509/1509 1510/1510/1510 1461/1461/1461
f 1461/1461/1461 1510/1510/1510 1462/1462/1462
f 1510/1510/1510 1511/1511/1511 1462/1462/1462
f 1462/1462/1462 1511/1511/1511 1463/1463/1463
f 1511/1511/1511 1512/1512/1512 1463/1463/1463
f 1463/1463/1463 1512/1512/1512 1464/1464/1464
f 1512/1512/1512 1513/1513/1513 1464/1464/1464
f 1464/1464/1464 1513/1513/1513 1465/1465/1465
f 1513/1513/1513 1514/1514/1514 1465/1465/1465
f 1465/1465/1465 1514/1514/1514 1466/1466/1466
f 1514/1514/1514 1515/1515/1515 1466/1466/1466
f 1466/1466/1466 1515/1515/1515 1467/1467/1467
f 1515/1515/1515 1516/1516/1516 1467/1467/1467
f 1467/1467/1467 1516/1516/1516 1468/1468/1468
f 1516/1516/1516 1517/1517/1517 1468/1468/1468
f 1468/1468/1468 1517/1517/1517 1469/1469/1469
f 1517/1517/1517 1518/1518/1518 1469/1469/1469
f 1469/1469/1469 1518/1518/1518 1470/1470/1470
f 1518/1518/1518 1519/1519/1519 1470/1470/1470
f 1471/1471/1471 1520/1520/1520 1472/1472/1472
f 1520/1520/1520 1521/1521/1521 1472/1472/1472
f 1472/1472/1472 1521/1521/1521 1473/1473/1473
f 1521/1521/1521 1522/1522/1522 1473/1473/1473
f 1473/1473/1473 1522/1522/1522 1474/1474/1474
f 1522/1522/1522 1523/1523/1523 1474/1474/1474
f 1474/1474/1474 1523/1523/1523 1475/1475/1475
f 1523/1523/1523 1524/1524/1524 1475/1475/1475
f 1475/1475/1475 1524/1524/1524 1476/1476/1476
f 1524/1524/1524 1525/1525/1525 1476/1476/1476
f 1476/1476/1476 1525/1525/1525 1477/1477/1477
f 1525/1525/1525 1526/1526/1526 1477/1477/1477
f 1477/1477/1477 1526/1526/1526 1478/1478/1478
f 1526/1526/1526 1527/1527/1527 1478/1478/1478
f 1478/1478/1478 1527/1527/1527 1479/1479/1479
f 1527/1527/1527 1528/1528/1528 1479/1479/1479
f 1479/1479/1479 1528/1528/1528 1480/1480/1480
f 1528/1528/1528 1529/1529/1529 1480/1480/1480
f 1480/1480/1480 1529/1529/1529 1481/1481/1481
f 1529/1529/1529 1530/1530/1530 1481/1481/1481
f 1481/1481/1481 1530/1530/1530 1482/1482/1482
f 1530/1530/1530 1531/1531/1531 1482/1482/1482
f 1482/1482/1482 1531/1531/1531 1483/1483/1483
f 1531/1531/1531 1532/1532/1532 1483/1483/1483
f 1483/1483/1483 1532/1532/1532 1484/1484/1484
f 1532/1532/1532 1533/1533/1533 1484/1484/1484
f 1484/1484/1484 1533/1533/1533 1485/1485/1485
f 1533/1533/1533 1534/1534/1534 1485/1485/1485
f 1485/1485/1485 1534/1534/1534 1486/1486/1486
f 1534/1534/1534 1535/1535/1535 1486/1486/1486
f 1486/1486/1486 1535/1535/1535 1487/1487/1487
f 1535/1535/1535 1536/1536/1536 1487/1487/1487
f 1487/1487/1487 1536/1536/1536 1488/1488/1488
f 1536/1536/1536 1537/1537/1537 1488/1488/1488
f 1488/1488/1488 1537/1537/1537 1489/1489/1489
f 1537/1537/1537 1538/1538/1538 1489/1489/1489
f 1489/1489/1489 1538/1538/1538 1490/1490/1490
f 1538/1538/1538 1539/1539/1539 1490/1490/1490
f 1490/1490/1490 1539/1539/1539 1491/1491/1491
f 1539/1539/1539 1540/1540/1540 1491/1491/1491
f 1491/1491/1491 1540/1540/1540 1492/1492/1492
f 1540/1540/1540 1541/1541/1541 1492/1492/1492
f 1492/1492/1492 1541/1541/1541 1493/1493/1493
f 1541/1541/1541 1542/1542/1542 1493/1493/1493
f 1493/1493/1493 1542/1542/1542 1494/1494/1494
f 1542/1542/1542 1543/1543/1543 1494/1494/1494
f 1494/1494/1494 1543/1543/1543 1495/1495/1495
f 1543/1543/1543 1544/1544/1544 1495/1495/1495
f 1495/1495/1495 1544/1544/1544 1496/1496/1496
f 1544/1544/1544 1545/1545/1545 1496/1496/1496
f 1496/1496/1496 1545/1545/1545 1497/1497/1497
f 1545/1545/1545 1546/1546/1546 1497/1497/1497
f 1497/1497/1497 1546/1546/1546 1498/1498/1498
f 1546/1546/1546 1547/1547/1547 1498/1498/1498
f 1498/1498/1498 1547/1547/1547 1499/1499/1499
f 1547/1547/1547 1548/1548/1548 1499/1499/1499
f 1499/1499/1499 1548/1548/1548 1500/1500/1500
f 1548/1548/1548 1549/1549/1549 1500/1500/1500
f 1500/1500/1500 1549/1549/1549 1501/1501/1501
f 1549/1549/1549 1550/1550/1550 1501/1501/1501
f 1501/1501/1501 1550/1550/1550 1502/1502/1502
f 1550/1550/1550 1551/1551/1551 1502/1502/1502
f 1502/1502/1502 1551/1551/1551 1503/1503/1503
f 1551/1551/1551 1552/1552/1552 1503/1503/1503
f 1503/1503/1503 1552/1552/1552 1504/1504/1504
f 1552/1552/1552 1553/1553/1553 1504/1504/1504
f 1504/1504/1504 1553/1553/1553 1505/1505/1505
f 1553/1553/1553 1554/1554/1554 1505/1505/1505
f 1505/1505/1505 1554/1554/1554 1506/1506/1506
f 1554/1554/1554 1555/1555/1555 1506/1506/1506
f 1506/1506/1506 1555/1555/1555 1507/1507/1507
f 1555/1555/1555 1556/1556/1556 1507/1507/1507
f 1507/1507/1507 1556/1556/1556 1508/1508/1508
f 1556/1556/1556 1557/1557/1557 1508/1508/1508
f 1508/1508/1508 1557/1557/1557 1509/1509/1509
f 1557/1557/1557 1558/1558/1558 1509/1509/1509
f 1509/1509/1509 1558/1558/1558 1510/1510/1510
f 1558/1558/1558 1559/1559/1559 1510/1510/1510
f 1510/1510/1510 1559/1559/1559 1511/1511/1511
f 1559/1559/1559 1560/1560/1560 1511/1511/1511
f 1511/1511/1511 1560/1560/1560 1512/1512/1512
f 1560/1560/1560 1561/1561/1561 1512/1512/1512
f 1512/1512/1512 1561/1561/1561 1513/1513/1513
f 1561/1561/1561 1562/1562/1562 1513/1513/1513
f 1513/1513/1513 1562/1562/1562 1514/1514/1514
f 1562/1562/1562 1563/1563/1563 1514/1514/1514
f 1514/1514/1514 1563/1563/1563 1515/1515/1515
f 1563/1563/1563 1564/1564/1564 1515/1515/1515
f 1515/1515/1515 1564/1564/1564 1516/1516/1516
f 1564/1564/1564 1565/1565/1565 1516/1516/1516
f 1516/1516/1516 1565/1565/1565 1517/1517/1517
f 1565/1565/1565 1566/1566/1566 1517/1517/1517
f 1517/1517/1517 1566/1566/1566 1518/1518/1518
f 1566/1566/1566 1567/1567/1567 1518/1518/1518
f 1518/1518/1518 1567/1567/1567 1519/1519/1519
f 1567/1567/1567 1568/1568/1568 1519/1519/1519
f 1520/1520/1520 1569/1569/1569 1521/1521/1521
f 1569/1569/1569 1570/1570/1570 1521/1521/1521
f 1521/1521/1521 1570/1570/1570 1522/1522/1522
f 1570/1570/1570 1571/1571/1571 1522/1522/1522
f 1522/1522/1522 1571/1571/1571 1523/1523/1523
f 1571/1571/1571 1572/1572/1572 1523/1523/1523
f 1523/1523/1523 1572/1572/1572 1524/1524/1524
f 1572/1572/1572 1573/1573/1573 1524/1524/1524
f 1524/1524/1524 1573/1573/1573 1525/1525/1525
f 1573/1573/1573 1574/1574/1574 1525/1525/1525
f 1525/1525/1525 1574/1574/1574 1526/1526/1526
f 1574/1574/1574 1575/1575/1575 1526/1526/1526
f 1526/1526/1526 1575/1575/1575 1527/1527/1527
f 1575/1575/1575 1576/1576/1576 1527/1527/1527
f 1527/1527/1527 1576/1576/1576 1528/1528/1528
f 1576/1576/1576 1577/1577/1577 1528/1528/1528
f 1528/1528/1528 1577/1577/1577 1529/1529/1529
f 1577/1577/1577 1578/1578/1578 1529/1529/1529
f 1529/1529/1529 1578/1578/1578 1530/1530/1530
f 1578/1578/1578 1579/1579/1579 1530/1530/1530
f 1530/1530/1530 1579/1579/1579 1531/1531/1531
f 1579/1579/1579 1580/1580/1580 1531/1531/1531
f 1531/1531/1531 1580/1580/1580 1532/1532/1532
f 1580/1580/1580 1581/1581/1581 1532/1532/1532
f 1532/1532/1532 1581/1581/1581 1533/1533/1533
f 1581/1581/1581 1582/1582/1582 1533/1533/1533
f 1533/1533/1533 1582/1582/1582 1534/1534/1534
f 1582/1582/1582 1583/1583/1583 1534/1534/1534
f 1534/1534/1534 1583/1583/1583 1535/1535/1535
f 1583/1583/1583 1584/1584/1584 1535/1535/1535
f 1535/1535/1535 1584/1584/1584 1536/1536/1536
f 1584/1584/1584 1585/1585/1585 1536/1536/1536
f 1536/1536/1536 1585/1585/1585 1537/1537/1537
f 1585/1585/1585 1586/1586/1586 1537/1537/1537
f 1537/1537/1537 1586/1586/1586 1538/1538/1538
f 1586/1586/1586 1587/1587/1587 1538/1538/1538
f 1538/1538/1538 1587/1587/1587 1539/1539/1539
f 1587/1587/1587 1588/1588/1588 1539/1539/1539
f 1539/1539/1539 1588/1588/1588 1540/1540/1540
f 1588/1588/1588 1589/1589/1589 1540/1540/1540
f 1540/1540/1540 1589/1589/1589 1541/1541/1541
f 1589/1589/1589 1590/1590/1590 1541/1541/1541
f 1541/1541/1541 1590/1590/1590 1542/1542/1542
f 1590/1590/1590 1591/1591/1591 1542/1542/1542
f 1542/1542/1542 1591/1591/1591 1543/1543/1543
f 1591/1591/1591 1592/1592/1592 1543/1543/1543
f 1543/1543/1543 1592/1592/1592 1544/1544/1544
f 1592/1592/1592 1593/1593/1593 1544/1544/1544
f 1544/1544/1544 1593/1593/1593 1545/1545/1545
f 1593/1593/1593 1594/1594/1594 1545/1545/1545
f 1545/1545/1545 1594/1594/1594 1546/1546/1546
f 1594/1594/1594 1595/1595/1595 1546/1546/1546
f 1546/1546/1546 1595/1595/1595 1547/1547/1547
f 1595/1595/1595 1596/1596/1596 1547/1547/1547
f 1547/1547/1547 1596/1596/1596 1548/1548/1548
f 1596/1596/1596 1597/1597/1597 1548/1548/1548
f 1548/1548/1548 1597/1597/1597 1549/1549/1549
f 1597/1597/1597 1598/1598/1598 1549/1549/1549
f 1549/1549/1549 1598/1598/1598 1550/1550/1550
f 1598/1598/1598 1599/1599/1599 1550/1550/1550
f 1550/1550/1550 1599/1599/1599 1551/1551/1551
f 1599/1599/1599 1600/1600/1600 1551/1551/1551
f 1551/1551/1551 1600/1600/1600 1552/1552/1552
f 1600/1600/1600 1601/1601/1601 1552/1552/1552
f 1552/1552/1552 1601/1601/1601 1553/1553/1553
f 1601/1601/1601 1602/1602/1602 1553/1553/1553
f 1553/1553/1553 1602/1602/1602 1554/1554/1554
f 1602/1602/1602 1603/1603/1603 1554/1554/1554
f 1554/1554/1554 1603/1603/1603 1555/1555/1555
f 1603/1603/1603 1604/1604/1604 1555/1555/1555
f 1555/1555/1555 1604/1604/1604 1556/1556/1556
f 1604/1604/1604 1605/1605/1605 1556/1556/1556
f 1556/1556/1556 1605/1605/1605 1557/1557/1557
f 1605/1605/1605 1606/1606/1606 1557/1557/1557
f 1557/1557/1557 1606/1606/1606 1558/1558/1558
f 1606/1606/1606 1607/1607/1607 1558/1558/1558
f 1558/1558/1558 1607/1607/1607 1559/1559/1559
f 1607/1607/1607 1608/1608/1608 1559/1559/1559
f 1559/1559/1559 1608/1608/1608 1560/1560/1560
f 1608/1608/1608 1609/1609/1609 1560/1560/1560
f 1560/1560/1560 1609/1609/1609 1561/1561/1561
f 1609/1609/1609 1610/1610/1610 1561/1561/1561
f 1561/1561/1561 1610/1610/1610 1562/1562/1562
f 1610/1610/1610 1611/1611/1611 1562/1562/1562
f 1562/1562/1562 1611/1611/1611 1563/1563/1563
f 1611/1611/1611 1612/1612/1612 1563/1563/1563
f 1563/1563/1563 1612/1612/1612 1564/1564/1564
f 1612/1612/1612 1613/1613/1613 1564/1564/1564
f 1564/1564/1564 1613/1613/1613 1565/1565/1565
f 1613/1613/1613 1614/1614/1614 1565/1565/1565
f 1565/1565/1565 1614/1614/1614 1566/1566/1566
f 1614/1614/1614 1615/1615/1615 1566/1566/1566
f 1566/1566/1566 1615/1615/1615 1567/1567/1567
f 1615/1615/1615 1616/1616/1616 1567/1567/1567
f 1567/1567/1567 1616/1616/1616 1568/1568/1568
f 1616/1616/1616 1617/1617/1617 1568/1568/1568
